{
  "query": "mixed-use street with bus facilities",
  "config": {
    "query": "mixed-use street with bus facilities",
    "length_m": 80.0,
    "road_width_m": 8.0,
    "sidewalk_width_m": 2.5,
    "lane_count": 2,
    "density": 1.0,
    "seed": 1,
    "topk_per_category": 20,
    "max_trials_per_slot": 30
  },
  "summary": {
    "instance_count": 32,
    "dropped_slots": 2,
    "dropped_slot_rate": 0.058823529411764705,
    "unique_asset_count": 19,
    "diversity_ratio": 0.59375,
    "overlap_rate": 0.0,
    "retrieval_top3_category_hit": 0.4117647058823529,
    "policy_used": "rule",
    "latency_ms_total": 224.37637497205287,
    "latency_ms_per_instance": 7.011761717876652,
    "per_category_unique": {
      "bench": 1,
      "lamp": 4,
      "trash": 3,
      "tree": 5,
      "mailbox": 2,
      "hydrant": 2,
      "bollard": 2
    },
    "selection_source_counts": {
      "faiss_softmax": 19,
      "faiss_relaxed_repeat": 13
    }
  },
  "placements": [
    {
      "instance_id": "inst_0001",
      "asset_id": "bench_001",
      "category": "bench",
      "score": 0.6300508379936218,
      "position_xyz": [
        -25.624365455854967,
        -0.0,
        5.513774618976614
      ],
      "yaw_deg": 176.08110441183075,
      "scale": 1.0,
      "bbox_xz": [
        -26.742764341352043,
        -24.50596657035789,
        4.952966188434726,
        6.074583049518502
      ],
      "selection_source": "faiss_softmax"
    },
    {
      "instance_id": "inst_0002",
      "asset_id": "bench_001",
      "category": "bench",
      "score": 0.6300508379936218,
      "position_xyz": [
        -0.1515268056337855,
        -0.0,
        -5.098407027277237
      ],
      "yaw_deg": 4.619573618168211,
      "scale": 1.0,
      "bbox_xz": [
        -1.2727648959899387,
        0.9697112847223677,
        -5.669917962943287,
        -4.526896091611188
      ],
      "selection_source": "faiss_relaxed_repeat"
    },
    {
      "instance_id": "inst_0003",
      "asset_id": "bench_001",
      "category": "bench",
      "score": 0.6300508379936218,
      "position_xyz": [
        25.25170909623269,
        -0.0,
        5.5857651039198695
      ],
      "yaw_deg": 178.92427308648087,
      "scale": 1.0,
      "bbox_xz": [
        24.146235578025962,
        26.35718261443942,
        5.068921479721569,
        6.10260872811817
      ],
      "selection_source": "faiss_relaxed_repeat"
    },
    {
      "instance_id": "inst_0004",
      "asset_id": "lamp_001",
      "category": "lamp",
      "score": 0.6351311802864075,
      "position_xyz": [
        -31.493681839946667,
        -0.0,
        5.195387194054802
      ],
      "yaw_deg": 183.54464051745254,
      "scale": 1.0,
      "bbox_xz": [
        -31.9056644676666,
        -31.081699212226734,
        4.783404566334869,
        5.607369821774735
      ],
      "selection_source": "faiss_softmax"
    },
    {
      "instance_id": "inst_0005",
      "asset_id": "lamp_013",
      "category": "lamp",
      "score": 0.6783578395843506,
      "position_xyz": [
        -8.664187913338234,
        -0.0,
        -4.848572542388516
      ],
      "yaw_deg": -7.510560271463143,
      "scale": 1.0,
      "bbox_xz": [
        -9.088613860879732,
        -8.239761965796735,
        -5.272998488326815,
        -4.424146596450218
      ],
      "selection_source": "faiss_softmax"
    },
    {
      "instance_id": "inst_0006",
      "asset_id": "lamp_009",
      "category": "lamp",
      "score": 0.6933750510215759,
      "position_xyz": [
        10.12423741838049,
        -0.0,
        5.68914916277851
      ],
      "yaw_deg": 178.0992678030114,
      "scale": 1.0,
      "bbox_xz": [
        9.717713866749028,
        10.530760970011952,
        5.282625611147048,
        6.0956727144099725
      ],
      "selection_source": "faiss_softmax"
    },
    {
      "instance_id": "inst_0007",
      "asset_id": "lamp_003",
      "category": "lamp",
      "score": 0.6756033301353455,
      "position_xyz": [
        29.766349726748153,
        -0.0,
        -5.720959212425132
      ],
      "yaw_deg": -4.452933339631439,
      "scale": 1.0,
      "bbox_xz": [
        29.351425403335313,
        30.181274050160994,
        -6.1358835324131595,
        -5.306034892437105
      ],
      "selection_source": "faiss_softmax"
    },
    {
      "instance_id": "inst_0008",
      "asset_id": "trash_004",
      "category": "trash",
      "score": 0.6343847513198853,
      "position_xyz": [
        -30.012563275854447,
        -0.0,
        4.983084450257572
      ],
      "yaw_deg": 175.69386466465573,
      "scale": 1.0,
      "bbox_xz": [
        -30.587855181468253,
        -29.43727137024064,
        4.407792544643765,
        5.5583763558713795
      ],
      "selection_source": "faiss_softmax"
    },
    {
      "instance_id": "inst_0009",
      "asset_id": "trash_007",
      "category": "trash",
      "score": 0.6363317370414734,
      "position_xyz": [
        -10.1211896027868,
        -0.0,
        -5.460218385409514
      ],
      "yaw_deg": -7.656164715745458,
      "scale": 1.0,
      "bbox_xz": [
        -10.714699283711584,
        -9.527679921862015,
        -6.0537280663342985,
        -4.86670870448473
      ],
      "selection_source": "faiss_softmax"
    },
    {
      "instance_id": "inst_0010",
      "asset_id": "trash_009",
      "category": "trash",
      "score": 0.6260944604873657,
      "position_xyz": [
        11.477630236528196,
        -0.0,
        -4.89005347120471
      ],
      "yaw_deg": -6.065760643107097,
      "scale": 1.0,
      "bbox_xz": [
        10.89260535271284,
        12.062655120343551,
        -5.475078355020066,
        -4.305028587389354
      ],
      "selection_source": "faiss_softmax"
    },
    {
      "instance_id": "inst_0011",
      "asset_id": "trash_007",
      "category": "trash",
      "score": 0.6363317370414734,
      "position_xyz": [
        29.766320999884247,
        -0.0,
        5.580035693274327
      ],
      "yaw_deg": 182.72488906262512,
      "scale": 1.0,
      "bbox_xz": [
        29.20007761883274,
        30.332564380935754,
        5.01379231222282,
        6.146279074325835
      ],
      "selection_source": "faiss_relaxed_repeat"
    },
    {
      "instance_id": "inst_0012",
      "asset_id": "tree_013",
      "category": "tree",
      "score": 0.7431777715682983,
      "position_xyz": [
        -31.9841485382612,
        -0.0,
        -5.160997742017448
      ],
      "yaw_deg": -7.447586717578535,
      "scale": 1.0,
      "bbox_xz": [
        -33.585627354473104,
        -30.382669722049297,
        -6.762476532541397,
        -3.5595189514934993
      ],
      "selection_source": "faiss_softmax"
    },
    {
      "instance_id": "inst_0013",
      "asset_id": "tree_008",
      "category": "tree",
      "score": 0.7512758374214172,
      "position_xyz": [
        -15.10778725733709,
        -0.0,
        -5.3356860006992255
      ],
      "yaw_deg": -5.231881574735185,
      "scale": 1.0,
      "bbox_xz": [
        -16.666562916712834,
        -13.549011597961346,
        -6.8944616600749695,
        -3.7769103413234815
      ],
      "selection_source": "faiss_softmax"
    },
    {
      "instance_id": "inst_0014",
      "asset_id": "tree_007",
      "category": "tree",
      "score": 0.6689828634262085,
      "position_xyz": [
        0.6091222861968943,
        -0.0,
        5.424485830502327
      ],
      "yaw_deg": 177.99524832802624,
      "scale": 1.0,
      "bbox_xz": [
        -0.8838405983896394,
        2.102085170783428,
        3.9315229459157934,
        6.917448715088861
      ],
      "selection_source": "faiss_softmax"
    },
    {
      "instance_id": "inst_0015",
      "asset_id": "tree_004",
      "category": "tree",
      "score": 0.6948544383049011,
      "position_xyz": [
        16.025279464749946,
        -0.0,
        -4.971557384999854
      ],
      "yaw_deg": 0.335014681810323,
      "scale": 1.0,