{
  "query": "quiet neighborhood road with benches",
  "config": {
    "query": "quiet neighborhood road with benches",
    "length_m": 80.0,
    "road_width_m": 8.0,
    "sidewalk_width_m": 2.5,
    "lane_count": 2,
    "density": 1.0,
    "seed": 2,
    "topk_per_category": 20,
    "max_trials_per_slot": 30
  },
  "summary": {
    "instance_count": 32,
    "dropped_slots": 2,
    "dropped_slot_rate": 0.058823529411764705,
    "unique_asset_count": 23,
    "diversity_ratio": 0.71875,
    "overlap_rate": 0.0,
    "retrieval_top3_category_hit": 0.5,
    "policy_used": "learned",
    "latency_ms_total": 224.71474995836616,
    "latency_ms_per_instance": 7.022335936198942,
    "per_category_unique": {
      "bench": 3,
      "lamp": 4,
      "trash": 4,
      "tree": 5,
      "mailbox": 2,
      "hydrant": 2,
      "bollard": 3
    },
    "selection_source_counts": {
      "policy_softmax": 19,
      "fallback_pool": 4,
      "policy_relaxed_repeat": 9
    }
  },
  "placements": [
    {
      "instance_id": "inst_0001",
      "asset_id": "bench_008",
      "category": "bench",
      "score": 0.6851462125778198,
      "position_xyz": [
        -25.323184205488616,
        -0.0,
        4.806551367726809
      ],
      "yaw_deg": 173.35795192254275,
      "scale": 1.0,
      "bbox_xz": [
        -26.451843356669098,
        -24.194525054308134,
        4.204465394180186,
        5.408637341273431
      ],
      "selection_source": "policy_softmax"
    },
    {
      "instance_id": "inst_0002",
      "asset_id": "bench_001",
      "category": "bench",
      "score": 0.7023963928222656,
      "position_xyz": [
        0.7079099672055698,
        -0.0,
        -5.080269598559779
      ],
      "yaw_deg": -3.0698166785736927,
      "scale": 1.0,
      "bbox_xz": [
        -0.40686436139787685,
        1.8226842958090164,
        -5.628036615548465,
        -4.532502581571093
      ],
      "selection_source": "policy_softmax"
    },
    {
      "instance_id": "inst_0003",
      "asset_id": "bench_014",
      "category": "bench",
      "score": 0.6885248422622681,
      "position_xyz": [
        26.987071867589187,
        -0.0,
        5.331204017112003
      ],
      "yaw_deg": 174.53412592407687,
      "scale": 1.0,
      "bbox_xz": [
        25.862588232199254,
        28.11155550297912,
        4.7468404938764,
        5.915567540347606
      ],
      "selection_source": "policy_softmax"
    },
    {
      "instance_id": "inst_0004",
      "asset_id": "lamp_013",
      "category": "lamp",
      "score": 0.675342857837677,
      "position_xyz": [
        -30.319404539383886,
        -0.0,
        5.473012081237465
      ],
      "yaw_deg": 187.9171130071959,
      "scale": 1.0,
      "bbox_xz": [
        -30.745046294782444,
        -29.893762783985327,
        5.047370327427235,
        5.898653835047696
      ],
      "selection_source": "policy_softmax"
    },
    {
      "instance_id": "inst_0005",
      "asset_id": "lamp_009",
      "category": "lamp",
      "score": 0.6481276750564575,
      "position_xyz": [
        -9.867468857712037,
        -0.0,
        -5.305145811274146
      ],
      "yaw_deg": -3.7081481336107505,
      "scale": 1.0,
      "bbox_xz": [
        -10.27998499165154,
        -9.454952723772534,
        -5.717661945213649,
        -4.892629677334643
      ],
      "selection_source": "policy_softmax"
    },
    {
      "instance_id": "inst_0006",
      "asset_id": "lamp_003",
      "category": "lamp",
      "score": 0.6451749801635742,
      "position_xyz": [
        8.582334571272456,
        -0.0,
        5.214893862097312
      ],
      "yaw_deg": 177.09544204565884,
      "scale": 1.0,
      "bbox_xz": [
        8.172457020696633,
        8.99221212184828,
        4.805016315053225,
        5.624771409141399
      ],
      "selection_source": "policy_softmax"
    },
    {
      "instance_id": "inst_0007",
      "asset_id": "lamp_015",
      "category": "lamp",
      "score": 0.617817759513855,
      "position_xyz": [
        31.17536837348486,
        -0.0,
        -5.224247230853972
      ],
      "yaw_deg": 0.9681657764239819,
      "scale": 1.0,
      "bbox_xz": [
        30.772017547660298,
        31.578719199309425,
        -5.627598056678536,
        -4.820896405029407
      ],
      "selection_source": "policy_softmax"
    },
    {
      "instance_id": "inst_0008",
      "asset_id": "trash_004",
      "category": "trash",
      "score": 0.0,
      "position_xyz": [
        -29.96949991933501,
        -0.0,
        -5.390308596203599
      ],
      "yaw_deg": 0.2197984068965546,
      "scale": 1.0,
      "bbox_xz": [
        -30.520840006740258,
        -29.418159831929763,
        -5.941648683608848,
        -4.83896850879835
      ],
      "selection_source": "fallback_pool"
    },
    {
      "instance_id": "inst_0009",
      "asset_id": "trash_010",
      "category": "trash",
      "score": 0.0,
      "position_xyz": [
        -10.954469509530567,
        -0.0,
        -4.856428463417012
      ],
      "yaw_deg": 4.748158742746233,
      "scale": 1.0,
      "bbox_xz": [
        -11.532240023828574,
        -10.376698995232559,
        -5.43419897771502,
        -4.278657949119003
      ],
      "selection_source": "fallback_pool"
    },
    {
      "instance_id": "inst_0010",
      "asset_id": "trash_014",
      "category": "trash",
      "score": 0.0,
      "position_xyz": [
        10.076097151039399,
        -0.0,
        5.658478079459708
      ],
      "yaw_deg": 177.82808837768408,
      "scale": 1.0,
      "bbox_xz": [
        9.513084315934396,
        10.639109986144401,
        5.095465244354705,
        6.22149091456471
      ],
      "selection_source": "fallback_pool"
    },
    {
      "instance_id": "inst_0011",
      "asset_id": "trash_012",
      "category": "trash",
      "score": 0.0,
      "position_xyz": [
        29.56136093352481,
        -0.0,
        -4.769023426927873
      ],
      "yaw_deg": 7.390415006371612,
      "scale": 1.0,
      "bbox_xz": [
        28.969248102620863,
        30.153473764428757,
        -5.361136257831821,
        -4.176910596023926
      ],
      "selection_source": "fallback_pool"
    },
    {
      "instance_id": "inst_0012",
      "asset_id": "tree_013",
      "category": "tree",
      "score": 0.6942649483680725,
      "position_xyz": [
        -32.040174335415244,
        -0.0,
        -5.5281889890089895
      ],
      "yaw_deg": -2.805324099697632,
      "scale": 1.0,
      "bbox_xz": [
        -33.549854584526,
        -30.530494086304486,
        -7.037869209811742,
        -4.018508768206237
      ],
      "selection_source": "policy_softmax"
    },
    {
      "instance_id": "inst_0013",
      "asset_id": "tree_008",
      "category": "tree",
      "score": 0.6925978064537048,
      "position_xyz": [
        -17.001790943517623,
        -0.0,
        -4.842059503373905
      ],
      "yaw_deg": -3.7097997936029383,
      "scale": 1.0,
      "bbox_xz": [
        -18.530050388040774,
        -15.473531498994472,
        -6.370318947897056,
        -3.3138000588507546
      ],
      "selection_source": "policy_softmax"
    },
    {
      "instance_id": "inst_0014",
      "asset_id": "tree_001",
      "category": "tree",
      "score": 0.6712496280670166,
      "position_xyz": [
        -0.5713106251516179,
        -0.0,
        5.707361711556158
      ],
      "yaw_deg": 183.29929290188167,
      "scale": 1.0,
      "bbox_xz": [
        -2.0911784166209357,
        0.9485571663176998,
        4.18749392008684,
        7.227229503025475
      ],
      "selection_source": "policy_softmax"
    },
    {
      "instance_id": "inst_0015",
      "asset_id": "tree_014",
      "category": "tree",
      "score": 0.6654436588287354,
      "position_xyz": [
        16.053243268445655,
        -0.0,
        -5.098585601033209
      ],
      "yaw_deg": 1.4071153887117536,
      "scale": 1.0,