{
  "query": "commercial street with mailbox and trash",
  "config": {
    "query": "commercial street with mailbox and trash",
    "length_m": 80.0,
    "road_width_m": 8.0,
    "sidewalk_width_m": 2.5,
    "lane_count": 2,
    "density": 1.0,
    "seed": 4,
    "topk_per_category": 20,
    "max_trials_per_slot": 30
  },
  "summary": {
    "instance_count": 32,
    "dropped_slots": 2,
    "dropped_slot_rate": 0.058823529411764705,
    "unique_asset_count": 25,
    "diversity_ratio": 0.78125,
    "overlap_rate": 0.0,
    "retrieval_top3_category_hit": 0.38235294117647056,
    "policy_used": "learned",
    "latency_ms_total": 258.6580839706585,
    "latency_ms_per_instance": 8.083065124083078,
    "per_category_unique": {
      "bench": 3,
      "lamp": 4,
      "trash": 4,
      "tree": 5,
      "mailbox": 2,
      "hydrant": 2,
      "bollard": 5
    },
    "selection_source_counts": {
      "policy_softmax": 25,
      "policy_relaxed_repeat": 7
    }
  },
  "placements": [
    {
      "instance_id": "inst_0001",
      "asset_id": "bench_003",
      "category": "bench",
      "score": 0.6279066801071167,
      "position_xyz": [
        -27.85716856397452,
        -0.0,
        5.146058242610681
      ],
      "yaw_deg": 174.47955633283857,
      "scale": 1.0,
      "bbox_xz": [
        -28.981854558014184,
        -26.732482569934852,
        4.5608688304022955,
        5.731247654819066
      ],
      "selection_source": "policy_softmax"
    },
    {
      "instance_id": "inst_0002",
      "asset_id": "bench_001",
      "category": "bench",
      "score": 0.6255860328674316,
      "position_xyz": [
        -0.2952269565447754,
        -0.0,
        -4.832044956912281
      ],
      "yaw_deg": 4.807237623932936,
      "scale": 1.0,
      "bbox_xz": [
        -1.4172021027632624,
        0.8267481896737117,
        -5.406412999126022,
        -4.257676914698539
      ],
      "selection_source": "policy_softmax"
    },
    {
      "instance_id": "inst_0003",
      "asset_id": "bench_014",
      "category": "bench",
      "score": 0.6146084666252136,
      "position_xyz": [
        25.832451193737626,
        -0.0,
        5.286680008174813
      ],
      "yaw_deg": 176.4269222950632,
      "scale": 1.0,
      "bbox_xz": [
        24.71550423946563,
        26.94939814800962,
        4.73117375961745,
        5.842186256732177
      ],
      "selection_source": "policy_softmax"
    },
    {
      "instance_id": "inst_0004",
      "asset_id": "lamp_003",
      "category": "lamp",
      "score": 0.6805909872055054,
      "position_xyz": [
        -31.18145012270541,
        -0.0,
        4.964400432578916
      ],
      "yaw_deg": 186.83961010284898,
      "scale": 1.0,
      "bbox_xz": [
        -31.603844893425844,
        -30.759055351984976,
        4.542005665113615,
        5.386795200044217
      ],
      "selection_source": "policy_softmax"
    },
    {
      "instance_id": "inst_0005",
      "asset_id": "lamp_013",
      "category": "lamp",
      "score": 0.6513105630874634,
      "position_xyz": [
        -9.08004295989303,
        -0.0,
        -4.949552161457034
      ],
      "yaw_deg": -4.9050301116921595,
      "scale": 1.0,
      "bbox_xz": [
        -9.496411402451574,
        -8.663674517334485,
        -5.3659206023190205,
        -4.533183720595048
      ],
      "selection_source": "policy_softmax"
    },
    {
      "instance_id": "inst_0006",
      "asset_id": "lamp_009",
      "category": "lamp",
      "score": 0.6534041166305542,
      "position_xyz": [
        10.38092680723939,
        -0.0,
        5.481894708878718
      ],
      "yaw_deg": 185.67437372786156,
      "scale": 1.0,
      "bbox_xz": [
        9.962131887794243,
        10.799721726684538,
        5.063099789433571,
        5.900689628323865
      ],
      "selection_source": "policy_softmax"
    },
    {
      "instance_id": "inst_0007",
      "asset_id": "lamp_001",
      "category": "lamp",
      "score": 0.6364632844924927,
      "position_xyz": [
        28.760154757904765,
        -0.0,
        -5.14414811628012
      ],
      "yaw_deg": 2.7472233042635725,
      "scale": 1.0,
      "bbox_xz": [
        28.35079866833644,
        29.169510847473088,
        -5.553504205848444,
        -4.734792026711796
      ],
      "selection_source": "policy_softmax"
    },
    {
      "instance_id": "inst_0008",
      "asset_id": "trash_004",
      "category": "trash",
      "score": 0.6112345457077026,
      "position_xyz": [
        -28.696234908300276,
        -0.0,
        -4.884515829814917
      ],
      "yaw_deg": 0.762221913392862,
      "scale": 1.0,
      "bbox_xz": [
        -29.250859943057403,
        -28.14160987354315,
        -5.4391408645720425,
        -4.329890795057791
      ],
      "selection_source": "policy_softmax"
    },
    {
      "instance_id": "inst_0009",
      "asset_id": "trash_007",
      "category": "trash",
      "score": 0.6029161810874939,
      "position_xyz": [
        -8.955867735329097,
        -0.0,
        5.258372375332751
      ],
      "yaw_deg": 178.6231366901077,
      "scale": 1.0,
      "bbox_xz": [
        -9.514176645072801,
        -8.397558825585392,
        4.700063465589047,
        5.816681285076455
      ],
      "selection_source": "policy_softmax"
    },
    {
      "instance_id": "inst_0010",
      "asset_id": "trash_014",
      "category": "trash",
      "score": 0.5961803197860718,
      "position_xyz": [
        10.937776955903862,
        -0.0,
        -5.706761530927752
      ],
      "yaw_deg": -7.258848015943798,
      "scale": 1.0,
      "bbox_xz": [
        10.34635879931084,
        11.529195112496884,
        -6.298179687520775,
        -5.115343374334729
      ],
      "selection_source": "policy_softmax"
    },
    {
      "instance_id": "inst_0011",
      "asset_id": "trash_009",
      "category": "trash",
      "score": 0.5921278595924377,
      "position_xyz": [
        29.52852979626647,
        -0.0,
        5.747278874172112
      ],
      "yaw_deg": 175.12917590933304,
      "scale": 1.0,
      "bbox_xz": [
        28.950075425681234,
        30.106984166851703,
        5.16882450358688,
        6.325733244757345
      ],
      "selection_source": "policy_softmax"
    },
    {
      "instance_id": "inst_0012",
      "asset_id": "tree_001",
      "category": "tree",
      "score": 0.658638060092926,
      "position_xyz": [
        -32.432507736177946,
        -0.0,
        -5.003057319009537
      ],
      "yaw_deg": -2.8692975480041287,
      "scale": 1.0,
      "bbox_xz": [
        -33.94351284202421,
        -30.92150263033168,
        -6.514062424855805,
        -3.4920522131632694
      ],
      "selection_source": "policy_softmax"
    },
    {
      "instance_id": "inst_0013",
      "asset_id": "tree_008",
      "category": "tree",
      "score": 0.6540175080299377,
      "position_xyz": [
        -14.787054695408028,
        -0.0,
        -5.649020561282141
      ],
      "yaw_deg": -7.0142361273571865,
      "scale": 1.0,
      "bbox_xz": [
        -16.38034443960294,
        -13.193764951213113,
        -7.242310305477055,
        -4.055730817087227
      ],
      "selection_source": "policy_softmax"
    },
    {
      "instance_id": "inst_0014",
      "asset_id": "tree_013",
      "category": "tree",
      "score": 0.6505775451660156,
      "position_xyz": [
        0.7954867239788275,
        -0.0,
        5.365432075128697
      ],
      "yaw_deg": 175.79867471720522,
      "scale": 1.0,
      "bbox_xz": [
        -0.7427308663143131,
        2.333704314271968,
        3.8272145123744377,
        6.903649637882957
      ],
      "selection_source": "policy_softmax"
    },
    {
      "instance_id": "inst_0015",
      "asset_id": "tree_003",
      "category": "tree",
      "score": 0.6322470903396606,
      "position_xyz": [
        15.03261908048967,
        -0.0,
        -5.290981247829825
      ],
      "yaw_deg": -7.315020995487686,
      "scale": 1.0,