{
  "query": "quiet neighborhood road with benches",
  "config": {
    "query": "quiet neighborhood road with benches",
    "length_m": 80.0,
    "road_width_m": 8.0,
    "sidewalk_width_m": 2.5,
    "lane_count": 2,
    "density": 1.0,
    "seed": 0,
    "topk_per_category": 20,
    "max_trials_per_slot": 30
  },
  "summary": {
    "instance_count": 33,
    "dropped_slots": 1,
    "dropped_slot_rate": 0.029411764705882353,
    "unique_asset_count": 23,
    "diversity_ratio": 0.696969696969697,
    "overlap_rate": 0.0,
    "retrieval_top3_category_hit": 0.5,
    "policy_used": "learned",
    "latency_ms_total": 227.8872919268906,
    "latency_ms_per_instance": 6.905675512936079,
    "per_category_unique": {
      "bench": 3,
      "lamp": 4,
      "trash": 4,
      "tree": 5,
      "mailbox": 2,
      "hydrant": 2,
      "bollard": 3
    },
    "selection_source_counts": {
      "policy_softmax": 19,
      "fallback_pool": 4,
      "policy_relaxed_repeat": 10
    }
  },
  "placements": [
    {
      "instance_id": "inst_0001",
      "asset_id": "bench_008",
      "category": "bench",
      "score": 0.6851462125778198,
      "position_xyz": [
        -25.89280345784576,
        -0.0,
        5.1705715808308454
      ],
      "yaw_deg": 176.1426680046874,
      "scale": 1.0,
      "bbox_xz": [
        -27.01094631230765,
        -24.774660603383868,
        4.610706105350402,
        5.730437056311289
      ],
      "selection_source": "policy_softmax"
    },
    {
      "instance_id": "inst_0002",
      "asset_id": "bench_001",
      "category": "bench",
      "score": 0.7023963928222656,
      "position_xyz": [
        -0.28519758764875713,
        -0.0,
        -4.966201410965227
      ],
      "yaw_deg": -3.1469963827371608,
      "scale": 1.0,
      "bbox_xz": [
        -1.4003096943661388,
        0.8299145190686246,
        -5.515157067008118,
        -4.4172457549223365
      ],
      "selection_source": "policy_softmax"
    },
    {
      "instance_id": "inst_0003",
      "asset_id": "bench_014",
      "category": "bench",
      "score": 0.6885248422622681,
      "position_xyz": [
        26.916812785031766,
        -0.0,
        5.658112885195335
      ],
      "yaw_deg": 180.07498969307824,
      "scale": 1.0,
      "bbox_xz": [
        25.81642093470614,
        28.01720463535739,
        5.156935195247848,
        6.159290575142822
      ],
      "selection_source": "policy_softmax"
    },
    {
      "instance_id": "inst_0004",
      "asset_id": "lamp_013",
      "category": "lamp",
      "score": 0.675342857837677,
      "position_xyz": [
        -29.232587387528326,
        -0.0,
        5.368368996675332
      ],
      "yaw_deg": 176.00810146179904,
      "scale": 1.0,
      "bbox_xz": [
        -29.646025257358424,
        -28.81914951769823,
        4.9549311285736914,
        5.781806864776972
      ],
      "selection_source": "policy_softmax"
    },
    {
      "instance_id": "inst_0005",
      "asset_id": "lamp_009",
      "category": "lamp",
      "score": 0.6481276750564575,
      "position_xyz": [
        -8.551643571887041,
        -0.0,
        -4.939782764003411
      ],
      "yaw_deg": 6.434655207033323,
      "scale": 1.0,
      "bbox_xz": [
        -8.972797636276585,
        -8.130489507497497,
        -5.360936828392954,
        -4.518628699613868
      ],
      "selection_source": "policy_softmax"
    },
    {
      "instance_id": "inst_0006",
      "asset_id": "lamp_003",
      "category": "lamp",
      "score": 0.6451749801635742,
      "position_xyz": [
        10.689495244780385,
        -0.0,
        5.648838287967994
      ],
      "yaw_deg": 182.94374291064707,
      "scale": 1.0,
      "bbox_xz": [
        10.279488068748993,
        11.099502420811778,
        5.238831115465662,
        6.058845460470326
      ],
      "selection_source": "policy_softmax"
    },
    {
      "instance_id": "inst_0007",
      "asset_id": "lamp_015",
      "category": "lamp",
      "score": 0.617817759513855,
      "position_xyz": [
        28.8021036242051,
        -0.0,
        -5.315828164546216
      ],
      "yaw_deg": 1.7741915751008257,
      "scale": 1.0,
      "bbox_xz": [
        28.39600739235911,
        29.20819985605109,
        -5.721924396392204,
        -4.909731932700229
      ],
      "selection_source": "policy_softmax"
    },
    {
      "instance_id": "inst_0008",
      "asset_id": "trash_015",
      "category": "trash",
      "score": 0.0,
      "position_xyz": [
        -30.88656675145165,
        -0.0,
        5.302523676134719
      ],
      "yaw_deg": 179.08309374634146,
      "scale": 1.0,
      "bbox_xz": [
        -31.442122751870563,
        -30.331010751032736,
        4.746967675715804,
        5.858079676553634
      ],
      "selection_source": "fallback_pool"
    },
    {
      "instance_id": "inst_0009",
      "asset_id": "trash_009",
      "category": "trash",
      "score": 0.0,
      "position_xyz": [
        -10.718523068824123,
        -0.0,
        -4.9449721729869776
      ],
      "yaw_deg": 0.7791888613694287,
      "scale": 1.0,
      "bbox_xz": [
        -11.273250345264444,
        -10.163795792383802,
        -5.499699449427298,
        -4.390244896546657
      ],
      "selection_source": "fallback_pool"
    },
    {
      "instance_id": "inst_0010",
      "asset_id": "trash_001",
      "category": "trash",
      "score": 0.0,
      "position_xyz": [
        8.77981559305723,
        -0.0,
        5.590091216555413
      ],
      "yaw_deg": 183.3640547781998,
      "scale": 1.0,
      "bbox_xz": [
        8.209880669723647,
        9.349750516390811,
        5.020156293221831,
        6.160026139888995
      ],
      "selection_source": "fallback_pool"
    },
    {
      "instance_id": "inst_0011",
      "asset_id": "trash_013",
      "category": "trash",
      "score": 0.0,
      "position_xyz": [
        30.375797487820897,
        -0.0,
        -5.138102915185855
      ],
      "yaw_deg": 5.249012454462381,
      "scale": 1.0,
      "bbox_xz": [
        29.795245658450042,
        30.95634931719175,
        -5.718654744556708,
        -4.557551085815002
      ],
      "selection_source": "fallback_pool"
    },
    {
      "instance_id": "inst_0012",
      "asset_id": "tree_013",
      "category": "tree",
      "score": 0.6942649483680725,
      "position_xyz": [
        -30.74894309265515,
        -0.0,
        -5.528296103785814
      ],
      "yaw_deg": 4.853520866339236,
      "scale": 1.0,
      "bbox_xz": [
        -32.30022175447588,
        -29.197664430834426,
        -7.079574738432615,
        -3.977017469139013
      ],
      "selection_source": "policy_softmax"
    },
    {
      "instance_id": "inst_0013",
      "asset_id": "tree_008",
      "category": "tree",
      "score": 0.6925978064537048,
      "position_xyz": [
        -15.871030126929963,
        -0.0,
        -5.6587840461697745
      ],
      "yaw_deg": 7.891544857031654,
      "scale": 1.0,
      "bbox_xz": [
        -17.48081526459639,
        -14.261244989263535,
        -7.268569183836202,
        -4.048998908503347
      ],
      "selection_source": "policy_softmax"
    },
    {
      "instance_id": "inst_0014",
      "asset_id": "tree_001",
      "category": "tree",
      "score": 0.6712496280670166,
      "position_xyz": [
        1.4939148932583741,
        -0.0,
        5.2392867811699055
      ],
      "yaw_deg": 176.82314867392387,
      "scale": 1.0,
      "bbox_xz": [
        -0.023436788695502697,
        3.011266575212251,
        3.7219350992160285,
        6.756638463123783
      ],
      "selection_source": "policy_softmax"
    },
    {
      "instance_id": "inst_0015",
      "asset_id": "tree_014",
      "category": "tree",
      "score": 0.6654436588287354,
      "position_xyz": [
        14.874432143884322,
        -0.0,
        -5.417249487232664
      ],
      "yaw_deg": 6.755995695624781,
      "scale": 1.0,