{
  "query": "tree-lined residential street",
  "config": {
    "query": "tree-lined residential street",
    "length_m": 80.0,
    "road_width_m": 8.0,
    "sidewalk_width_m": 2.5,
    "lane_count": 2,
    "density": 1.0,
    "seed": 1,
    "topk_per_category": 20,
    "max_trials_per_slot": 30
  },
  "summary": {
    "instance_count": 32,
    "dropped_slots": 2,
    "dropped_slot_rate": 0.058823529411764705,
    "unique_asset_count": 22,
    "diversity_ratio": 0.6875,
    "overlap_rate": 0.0,
    "retrieval_top3_category_hit": 0.20588235294117646,
    "policy_used": "rule",
    "latency_ms_total": 221.74737509340048,
    "latency_ms_per_instance": 6.929605471668765,
    "per_category_unique": {
      "bench": 3,
      "lamp": 4,
      "trash": 1,
      "tree": 5,
      "mailbox": 2,
      "hydrant": 2,
      "bollard": 5
    },
    "selection_source_counts": {
      "faiss_softmax": 22,
      "faiss_relaxed_repeat": 10
    }
  },
  "placements": [
    {
      "instance_id": "inst_0001",
      "asset_id": "bench_008",
      "category": "bench",
      "score": 0.626489520072937,
      "position_xyz": [
        -25.624365455854967,
        -0.0,
        5.513774618976614
      ],
      "yaw_deg": 176.08110441183075,
      "scale": 1.0,
      "bbox_xz": [
        -26.742764341352043,
        -24.50596657035789,
        4.952966188434726,
        6.074583049518502
      ],
      "selection_source": "faiss_softmax"
    },
    {
      "instance_id": "inst_0002",
      "asset_id": "bench_014",
      "category": "bench",
      "score": 0.6023397445678711,
      "position_xyz": [
        -0.1515268056337855,
        -0.0,
        -5.098407027277237
      ],
      "yaw_deg": 4.619573618168211,
      "scale": 1.0,
      "bbox_xz": [
        -1.2727648959899387,
        0.9697112847223677,
        -5.669917962943287,
        -4.526896091611188
      ],
      "selection_source": "faiss_softmax"
    },
    {
      "instance_id": "inst_0003",
      "asset_id": "bench_001",
      "category": "bench",
      "score": 0.6164492964744568,
      "position_xyz": [
        25.25170909623269,
        -0.0,
        5.5857651039198695
      ],
      "yaw_deg": 178.92427308648087,
      "scale": 1.0,
      "bbox_xz": [
        24.146235578025962,
        26.35718261443942,
        5.068921479721569,
        6.10260872811817
      ],
      "selection_source": "faiss_softmax"
    },
    {
      "instance_id": "inst_0004",
      "asset_id": "lamp_008",
      "category": "lamp",
      "score": 0.6482118368148804,
      "position_xyz": [
        -31.493681839946667,
        -0.0,
        5.195387194054802
      ],
      "yaw_deg": 183.54464051745254,
      "scale": 1.0,
      "bbox_xz": [
        -31.905664463948437,
        -31.081699215944898,
        4.783404566565189,
        5.607369821544414
      ],
      "selection_source": "faiss_softmax"
    },
    {
      "instance_id": "inst_0005",
      "asset_id": "lamp_003",
      "category": "lamp",
      "score": 0.6905022263526917,
      "position_xyz": [
        -8.664187913338234,
        -0.0,
        -4.848572542388516
      ],
      "yaw_deg": -7.510560271463143,
      "scale": 1.0,
      "bbox_xz": [
        -9.088613862726397,
        -8.23976196395007,
        -5.27299848857028,
        -4.424146596206753
      ],
      "selection_source": "faiss_softmax"
    },
    {
      "instance_id": "inst_0006",
      "asset_id": "lamp_013",
      "category": "lamp",
      "score": 0.7018256783485413,
      "position_xyz": [
        10.12423741838049,
        -0.0,
        5.68914916277851
      ],
      "yaw_deg": 178.0992678030114,
      "scale": 1.0,
      "bbox_xz": [
        9.717713864887408,
        10.530760971873573,
        5.282625611085267,
        6.095672714471753
      ],
      "selection_source": "faiss_softmax"
    },
    {
      "instance_id": "inst_0007",
      "asset_id": "lamp_009",
      "category": "lamp",
      "score": 0.657643735408783,
      "position_xyz": [
        29.766349726748153,
        -0.0,
        -5.720959212425132
      ],
      "yaw_deg": -4.452933339631439,
      "scale": 1.0,
      "bbox_xz": [
        29.35142540704936,
        30.181274046446948,
        -6.135883532123928,
        -5.306034892726337
      ],
      "selection_source": "faiss_softmax"
    },
    {
      "instance_id": "inst_0008",
      "asset_id": "trash_004",
      "category": "trash",
      "score": 0.6041074395179749,
      "position_xyz": [
        -30.012563275854447,
        -0.0,
        4.983084450257572
      ],
      "yaw_deg": 175.69386466465573,
      "scale": 1.0,
      "bbox_xz": [
        -30.587855181468253,
        -29.43727137024064,
        4.407792544643765,
        5.5583763558713795
      ],
      "selection_source": "faiss_softmax"
    },
    {
      "instance_id": "inst_0009",
      "asset_id": "trash_004",
      "category": "trash",
      "score": 0.6041074395179749,
      "position_xyz": [
        -10.1211896027868,
        -0.0,
        -5.460218385409514
      ],
      "yaw_deg": -7.656164715745458,
      "scale": 1.0,
      "bbox_xz": [
        -10.714699283711584,
        -9.527679921862015,
        -6.0537280663342985,
        -4.86670870448473
      ],
      "selection_source": "faiss_relaxed_repeat"
    },
    {
      "instance_id": "inst_0010",
      "asset_id": "trash_004",
      "category": "trash",
      "score": 0.6041074395179749,
      "position_xyz": [
        11.477630236528196,
        -0.0,
        -4.89005347120471
      ],
      "yaw_deg": -6.065760643107097,
      "scale": 1.0,
      "bbox_xz": [
        10.89260535271284,
        12.062655120343551,
        -5.475078355020066,
        -4.305028587389354
      ],
      "selection_source": "faiss_relaxed_repeat"
    },
    {
      "instance_id": "inst_0011",
      "asset_id": "trash_004",
      "category": "trash",
      "score": 0.6041074395179749,
      "position_xyz": [
        29.766320999884247,
        -0.0,
        5.580035693274327
      ],
      "yaw_deg": 182.72488906262512,
      "scale": 1.0,
      "bbox_xz": [
        29.20007761883274,
        30.332564380935754,
        5.01379231222282,
        6.146279074325835
      ],
      "selection_source": "faiss_relaxed_repeat"
    },
    {
      "instance_id": "inst_0012",
      "asset_id": "tree_001",
      "category": "tree",
      "score": 0.7422471046447754,
      "position_xyz": [
        -31.9841485382612,
        -0.0,
        -5.160997742017448
      ],
      "yaw_deg": -7.447586717578535,
      "scale": 1.0,
      "bbox_xz": [
        -33.58562732492219,
        -30.3826697516002,
        -6.7624765286784445,
        -3.559518955356452
      ],
      "selection_source": "faiss_softmax"
    },
    {
      "instance_id": "inst_0013",
      "asset_id": "tree_013",
      "category": "tree",
      "score": 0.7564278841018677,
      "position_xyz": [
        -15.10778725733709,
        -0.0,
        -5.3356860006992255
      ],
      "yaw_deg": -5.231881574735185,
      "scale": 1.0,
      "bbox_xz": [
        -16.666562946390997,
        -13.549011568283186,
        -6.894461662792546,
        -3.7769103386059055
      ],
      "selection_source": "faiss_softmax"
    },
    {
      "instance_id": "inst_0014",
      "asset_id": "tree_007",
      "category": "tree",
      "score": 0.6880149841308594,
      "position_xyz": [
        0.6091222861968943,
        -0.0,
        5.424485830502327
      ],
      "yaw_deg": 177.99524832802624,
      "scale": 1.0,
      "bbox_xz": [
        -0.8838405983896394,
        2.102085170783428,
        3.9315229459157934,
        6.917448715088861
      ],
      "selection_source": "faiss_softmax"
    },
    {
      "instance_id": "inst_0015",
      "asset_id": "tree_003",
      "category": "tree",
      "score": 0.7280153036117554,
      "position_xyz": [
        16.025279464749946,
        -0.0,
        -4.971557384999854
      ],
      "yaw_deg": 0.335014681810323,
      "scale": 1.0,