{
  "query": "quiet neighborhood road with benches",
  "config": {
    "query": "quiet neighborhood road with benches",
    "length_m": 80.0,
    "road_width_m": 8.0,
    "sidewalk_width_m": 2.5,
    "lane_count": 2,
    "density": 1.0,
    "seed": 4,
    "topk_per_category": 20,
    "max_trials_per_slot": 30
  },
  "summary": {
    "instance_count": 33,
    "dropped_slots": 1,
    "dropped_slot_rate": 0.029411764705882353,
    "unique_asset_count": 23,
    "diversity_ratio": 0.696969696969697,
    "overlap_rate": 0.0,
    "retrieval_top3_category_hit": 0.5,
    "policy_used": "learned",
    "latency_ms_total": 220.7995830103755,
    "latency_ms_per_instance": 6.690896454859864,
    "per_category_unique": {
      "bench": 3,
      "lamp": 4,
      "trash": 4,
      "tree": 5,
      "mailbox": 2,
      "hydrant": 2,
      "bollard": 3
    },
    "selection_source_counts": {
      "policy_softmax": 19,
      "fallback_pool": 4,
      "policy_relaxed_repeat": 10
    }
  },
  "placements": [
    {
      "instance_id": "inst_0001",
      "asset_id": "bench_001",
      "category": "bench",
      "score": 0.7023963928222656,
      "position_xyz": [
        -27.85716856397452,
        -0.0,
        5.146058242610681
      ],
      "yaw_deg": 174.47955633283857,
      "scale": 1.0,
      "bbox_xz": [
        -28.981854558014184,
        -26.732482569934852,
        4.5608688304022955,
        5.731247654819066
      ],
      "selection_source": "policy_softmax"
    },
    {
      "instance_id": "inst_0002",
      "asset_id": "bench_014",
      "category": "bench",
      "score": 0.6885248422622681,
      "position_xyz": [
        -0.2952269565447754,
        -0.0,
        -4.832044956912281
      ],
      "yaw_deg": 4.807237623932936,
      "scale": 1.0,
      "bbox_xz": [
        -1.4172021027632624,
        0.8267481896737117,
        -5.406412999126022,
        -4.257676914698539
      ],
      "selection_source": "policy_softmax"
    },
    {
      "instance_id": "inst_0003",
      "asset_id": "bench_008",
      "category": "bench",
      "score": 0.6851462125778198,
      "position_xyz": [
        25.832451193737626,
        -0.0,
        5.286680008174813
      ],
      "yaw_deg": 176.4269222950632,
      "scale": 1.0,
      "bbox_xz": [
        24.71550423946563,
        26.94939814800962,
        4.73117375961745,
        5.842186256732177
      ],
      "selection_source": "policy_softmax"
    },
    {
      "instance_id": "inst_0004",
      "asset_id": "lamp_013",
      "category": "lamp",
      "score": 0.675342857837677,
      "position_xyz": [
        -31.18145012270541,
        -0.0,
        4.964400432578916
      ],
      "yaw_deg": 186.83961010284898,
      "scale": 1.0,
      "bbox_xz": [
        -31.603844891576454,
        -30.759055353834366,
        4.542005665335438,
        5.386795199822394
      ],
      "selection_source": "policy_softmax"
    },
    {
      "instance_id": "inst_0005",
      "asset_id": "lamp_009",
      "category": "lamp",
      "score": 0.6481276750564575,
      "position_xyz": [
        -9.08004295989303,
        -0.0,
        -4.949552161457034
      ],
      "yaw_deg": -4.9050301116921595,
      "scale": 1.0,
      "bbox_xz": [
        -9.49641140059575,
        -8.663674519190309,
        -5.365920602159756,
        -4.533183720754312
      ],
      "selection_source": "policy_softmax"
    },
    {
      "instance_id": "inst_0006",
      "asset_id": "lamp_003",
      "category": "lamp",
      "score": 0.6451749801635742,
      "position_xyz": [
        10.38092680723939,
        -0.0,
        5.481894708878718
      ],
      "yaw_deg": 185.67437372786156,
      "scale": 1.0,
      "bbox_xz": [
        9.962131884087208,
        10.799721730391573,
        5.063099789065234,
        5.900689628692202
      ],
      "selection_source": "policy_softmax"
    },
    {
      "instance_id": "inst_0007",
      "asset_id": "lamp_015",
      "category": "lamp",
      "score": 0.617817759513855,
      "position_xyz": [
        28.760154757904765,
        -0.0,
        -5.14414811628012
      ],
      "yaw_deg": 2.7472233042635725,
      "scale": 1.0,
      "bbox_xz": [
        28.35079866833644,
        29.169510847473088,
        -5.553504205848444,
        -4.734792026711796
      ],
      "selection_source": "policy_softmax"
    },
    {
      "instance_id": "inst_0008",
      "asset_id": "trash_009",
      "category": "trash",
      "score": 0.0,
      "position_xyz": [
        -28.666266629071792,
        -0.0,
        -4.9321171129831365
      ],
      "yaw_deg": 7.075315540747507,
      "scale": 1.0,
      "bbox_xz": [
        -29.25671228649108,
        -28.075820971652504,
        -5.522562770402423,
        -4.34167145556385
      ],
      "selection_source": "fallback_pool"
    },
    {
      "instance_id": "inst_0009",
      "asset_id": "trash_015",
      "category": "trash",
      "score": 0.0,
      "position_xyz": [
        -10.599262781280025,
        -0.0,
        -4.841129710585314
      ],
      "yaw_deg": 1.1578688269742639,
      "scale": 1.0,
      "bbox_xz": [
        -11.156263846407104,
        -10.042261716152947,
        -5.398130775712392,
        -4.284128645458235
      ],
      "selection_source": "fallback_pool"
    },
    {
      "instance_id": "inst_0010",
      "asset_id": "trash_005",
      "category": "trash",
      "score": 0.0,
      "position_xyz": [
        10.296737416569968,
        -0.0,
        -5.318956982706693
      ],
      "yaw_deg": -5.418870302054264,
      "scale": 1.0,
      "bbox_xz": [
        9.715248934011033,
        10.878225899128903,
        -5.900445465265627,
        -4.7374685001477586
      ],
      "selection_source": "fallback_pool"
    },
    {
      "instance_id": "inst_0011",
      "asset_id": "trash_006",
      "category": "trash",
      "score": 0.0,
      "position_xyz": [
        29.88800922691116,
        -0.0,
        5.747471982839951
      ],
      "yaw_deg": 180.30195337946674,
      "scale": 1.0,
      "bbox_xz": [
        29.336169573605485,
        30.439848880216832,
        5.195632329534279,
        6.299311636145623
      ],
      "selection_source": "fallback_pool"
    },
    {
      "instance_id": "inst_0012",
      "asset_id": "tree_008",
      "category": "tree",
      "score": 0.6925978064537048,
      "position_xyz": [
        -33.300684591841815,
        -0.0,
        -4.836468180994164
      ],
      "yaw_deg": 2.1603056946593497,
      "scale": 1.0,
      "bbox_xz": [
        -34.79691557408152,
        -31.804453609602113,
        -6.332699163233864,
        -3.3402371987544637
      ],
      "selection_source": "policy_softmax"
    },
    {
      "instance_id": "inst_0013",
      "asset_id": "tree_013",
      "category": "tree",
      "score": 0.6942649483680725,
      "position_xyz": [
        -16.94888905385515,
        -0.0,
        -5.314075665571223
      ],
      "yaw_deg": 1.4202988530002703,
      "scale": 1.0,
      "bbox_xz": [
        -18.42948798844856,
        -15.468290119261741,
        -6.794674571110157,
        -3.8334767600322883
      ],
      "selection_source": "policy_softmax"
    },
    {
      "instance_id": "inst_0014",
      "asset_id": "tree_001",
      "category": "tree",
      "score": 0.6712496280670166,
      "position_xyz": [
        -0.9038634023595952,
        -0.0,
        5.073534213758852
      ],
      "yaw_deg": 185.43082142610672,
      "scale": 1.0,
      "bbox_xz": [
        -2.4665572074051245,
        0.6588304026859341,
        3.5108404087133227,
        6.636228018804381
      ],
      "selection_source": "policy_softmax"
    },
    {
      "instance_id": "inst_0015",
      "asset_id": "tree_014",
      "category": "tree",
      "score": 0.6654436588287354,
      "position_xyz": [
        15.332436370070925,
        -0.0,
        -5.167799535278737
      ],
      "yaw_deg": 5.79358473270144,
      "scale": 1.0,