{
  "query": "street with frequent bollards and lamps",
  "config": {
    "query": "street with frequent bollards and lamps",
    "length_m": 80.0,
    "road_width_m": 8.0,
    "sidewalk_width_m": 2.5,
    "lane_count": 2,
    "density": 1.0,
    "seed": 3,
    "topk_per_category": 20,
    "max_trials_per_slot": 30
  },
  "summary": {
    "instance_count": 33,
    "dropped_slots": 1,
    "dropped_slot_rate": 0.029411764705882353,
    "unique_asset_count": 27,
    "diversity_ratio": 0.8181818181818182,
    "overlap_rate": 0.0,
    "retrieval_top3_category_hit": 0.7647058823529411,
    "policy_used": "rule",
    "latency_ms_total": 233.7371250614524,
    "latency_ms_per_instance": 7.082943183680375,
    "per_category_unique": {
      "bench": 3,
      "lamp": 4,
      "trash": 4,
      "tree": 5,
      "mailbox": 2,
      "hydrant": 2,
      "bollard": 7
    },
    "selection_source_counts": {
      "fallback_pool": 7,
      "faiss_softmax": 20,
      "faiss_relaxed_repeat": 6
    }
  },
  "placements": [
    {
      "instance_id": "inst_0001",
      "asset_id": "bench_004",
      "category": "bench",
      "score": 0.0,
      "position_xyz": [
        -26.388743934785168,
        -0.0,
        4.880422796085143
      ],
      "yaw_deg": 186.6551169876957,
      "scale": 1.0,
      "bbox_xz": [
        -27.517447286548236,
        -25.2600405830221,
        4.278140839770476,
        5.48270475239981
      ],
      "selection_source": "fallback_pool"
    },
    {
      "instance_id": "inst_0002",
      "asset_id": "bench_009",
      "category": "bench",
      "score": 0.0,
      "position_xyz": [
        0.37716091232416193,
        -0.0,
        -5.684471140760187
      ],
      "yaw_deg": -7.789312135122014,
      "scale": 1.0,
      "bbox_xz": [
        -0.7551941183908917,
        1.5095159430392155,
        -6.303680772933864,
        -5.065261508586509
      ],
      "selection_source": "fallback_pool"
    },
    {
      "instance_id": "inst_0003",
      "asset_id": "bench_010",
      "category": "bench",
      "score": 0.0,
      "position_xyz": [
        25.944728709650693,
        -0.0,
        4.984330961046696
      ],
      "yaw_deg": 187.9303173681674,
      "scale": 1.0,
      "bbox_xz": [
        24.81194520104752,
        27.077512218253865,
        4.363028194714084,
        5.605633727379309
      ],
      "selection_source": "fallback_pool"
    },
    {
      "instance_id": "inst_0004",
      "asset_id": "lamp_001",
      "category": "lamp",
      "score": 0.7215607166290283,
      "position_xyz": [
        -28.990615646176835,
        -0.0,
        5.226353208699335
      ],
      "yaw_deg": 182.22509024870658,
      "scale": 1.0,
      "bbox_xz": [
        -29.39822992934279,
        -28.58300136301088,
        4.8187389255333795,
        5.63396749186529
      ],
      "selection_source": "faiss_softmax"
    },
    {
      "instance_id": "inst_0005",
      "asset_id": "lamp_003",
      "category": "lamp",
      "score": 0.7377331256866455,
      "position_xyz": [
        -9.595418025144435,
        -0.0,
        -4.881954692856703
      ],
      "yaw_deg": 0.3708993661328215,
      "scale": 1.0,
      "bbox_xz": [
        -9.996708515357625,
        -9.194127534931244,
        -5.283245179368796,
        -4.48066420634461
      ],
      "selection_source": "faiss_softmax"
    },
    {
      "instance_id": "inst_0006",
      "asset_id": "lamp_008",
      "category": "lamp",
      "score": 0.7038497924804688,
      "position_xyz": [
        10.514234426108779,
        -0.0,
        4.814031438226998
      ],
      "yaw_deg": 184.13168394058908,
      "scale": 1.0,
      "bbox_xz": [
        10.100344406565876,
        10.928124445651681,
        4.400141415236889,
        5.2279214612171065
      ],
      "selection_source": "faiss_softmax"
    },
    {
      "instance_id": "inst_0007",
      "asset_id": "lamp_002",
      "category": "lamp",
      "score": 0.7159404158592224,
      "position_xyz": [
        29.403802978547137,
        -0.0,
        -5.71898824853025
      ],
      "yaw_deg": 5.84843579166313,
      "scale": 1.0,
      "bbox_xz": [
        28.984464531011273,
        29.823141426083,
        -6.138326696066113,
        -5.299649800994387
      ],
      "selection_source": "faiss_softmax"
    },
    {
      "instance_id": "inst_0008",
      "asset_id": "trash_008",
      "category": "trash",
      "score": 0.0,
      "position_xyz": [
        -29.135673435305833,
        -0.0,
        -5.323065114058827
      ],
      "yaw_deg": 3.650015568841548,
      "scale": 1.0,
      "bbox_xz": [
        -29.707245064853645,
        -28.56410180575802,
        -5.894636743606639,
        -4.751493484511015
      ],
      "selection_source": "fallback_pool"
    },
    {
      "instance_id": "inst_0009",
      "asset_id": "trash_011",
      "category": "trash",
      "score": 0.0,
      "position_xyz": [
        -11.207637070807369,
        -0.0,
        4.885968860200669
      ],
      "yaw_deg": 175.4717910597302,
      "scale": 1.0,
      "bbox_xz": [
        -11.784177036529941,
        -10.631097105084796,
        4.309428894478097,
        5.462508825923241
      ],
      "selection_source": "fallback_pool"
    },
    {
      "instance_id": "inst_0010",
      "asset_id": "trash_013",
      "category": "trash",
      "score": 0.0,
      "position_xyz": [
        10.021728951487178,
        -0.0,
        -5.364133741155097
      ],
      "yaw_deg": -2.385432179677119,
      "scale": 1.0,
      "bbox_xz": [
        9.457464685313967,
        10.58599321766039,
        -5.928398007328308,
        -4.799869474981886
      ],
      "selection_source": "fallback_pool"
    },
    {
      "instance_id": "inst_0011",
      "asset_id": "trash_012",
      "category": "trash",
      "score": 0.0,
      "position_xyz": [
        31.24719238867489,
        -0.0,
        4.778660370829706
      ],
      "yaw_deg": 176.47497129332896,
      "scale": 1.0,
      "bbox_xz": [
        30.676334989398953,
        31.818049787950827,
        4.20780297155377,
        5.349517770105642
      ],
      "selection_source": "fallback_pool"
    },
    {
      "instance_id": "inst_0012",
      "asset_id": "tree_003",
      "category": "tree",
      "score": 0.7021268606185913,
      "position_xyz": [
        -31.413303788831094,
        -0.0,
        5.4486158703315075
      ],
      "yaw_deg": 177.2222446161071,
      "scale": 1.0,
      "bbox_xz": [
        -32.92241255811418,
        -29.90419501954801,
        3.939507101048423,
        6.957724639614592
      ],
      "selection_source": "faiss_softmax"
    },
    {
      "instance_id": "inst_0013",
      "asset_id": "tree_013",
      "category": "tree",
      "score": 0.7022172212600708,
      "position_xyz": [
        -15.784133190607111,
        -0.0,
        -5.645924190328889
      ],
      "yaw_deg": 2.4881789935976233,
      "scale": 1.0,
      "bbox_xz": [
        -17.287221304126856,
        -14.281045077087366,
        -7.149012275368224,
        -4.142836105289553
      ],
      "selection_source": "faiss_softmax"
    },
    {
      "instance_id": "inst_0014",
      "asset_id": "tree_004",
      "category": "tree",
      "score": 0.7017756700515747,
      "position_xyz": [
        1.4642161035582202,
        -0.0,
        5.017084906138162
      ],
      "yaw_deg": 173.99095738690622,
      "scale": 1.0,
      "bbox_xz": [
        -0.10977240483139505,
        3.0382046119478354,
        3.443096397748547,
        6.591073414527777
      ],
      "selection_source": "faiss_softmax"
    },
    {
      "instance_id": "inst_0015",
      "asset_id": "tree_001",
      "category": "tree",
      "score": 0.7421230673789978,
      "position_xyz": [
        16.416275329660014,
        -0.0,
        -5.266491263445332
      ],
      "yaw_deg": -2.49471678726729,
      "scale": 1.0,