{
  "query": "mixed-use street with bus facilities",
  "config": {
    "query": "mixed-use street with bus facilities",
    "length_m": 80.0,
    "road_width_m": 8.0,
    "sidewalk_width_m": 2.5,
    "lane_count": 2,
    "density": 1.0,
    "seed": 2,
    "topk_per_category": 20,
    "max_trials_per_slot": 30
  },
  "summary": {
    "instance_count": 32,
    "dropped_slots": 2,
    "dropped_slot_rate": 0.058823529411764705,
    "unique_asset_count": 19,
    "diversity_ratio": 0.59375,
    "overlap_rate": 0.0,
    "retrieval_top3_category_hit": 0.4117647058823529,
    "policy_used": "rule",
    "latency_ms_total": 252.07608309574425,
    "latency_ms_per_instance": 7.877377596742008,
    "per_category_unique": {
      "bench": 1,
      "lamp": 4,
      "trash": 3,
      "tree": 5,
      "mailbox": 2,
      "hydrant": 2,
      "bollard": 2
    },
    "selection_source_counts": {
      "faiss_softmax": 19,
      "faiss_relaxed_repeat": 13
    }
  },
  "placements": [
    {
      "instance_id": "inst_0001",
      "asset_id": "bench_001",
      "category": "bench",
      "score": 0.6300508379936218,
      "position_xyz": [
        -25.323184205488616,
        -0.0,
        4.806551367726809
      ],
      "yaw_deg": 173.35795192254275,
      "scale": 1.0,
      "bbox_xz": [
        -26.451843356669098,
        -24.194525054308134,
        4.204465394180186,
        5.408637341273431
      ],
      "selection_source": "faiss_softmax"
    },
    {
      "instance_id": "inst_0002",
      "asset_id": "bench_001",
      "category": "bench",
      "score": 0.6300508379936218,
      "position_xyz": [
        0.7079099672055698,
        -0.0,
        -5.080269598559779
      ],
      "yaw_deg": -3.0698166785736927,
      "scale": 1.0,
      "bbox_xz": [
        -0.40686436139787685,
        1.8226842958090164,
        -5.628036615548465,
        -4.532502581571093
      ],
      "selection_source": "faiss_relaxed_repeat"
    },
    {
      "instance_id": "inst_0003",
      "asset_id": "bench_001",
      "category": "bench",
      "score": 0.6300508379936218,
      "position_xyz": [
        26.987071867589187,
        -0.0,
        5.331204017112003
      ],
      "yaw_deg": 174.53412592407687,
      "scale": 1.0,
      "bbox_xz": [
        25.862588232199254,
        28.11155550297912,
        4.7468404938764,
        5.915567540347606
      ],
      "selection_source": "faiss_relaxed_repeat"
    },
    {
      "instance_id": "inst_0004",
      "asset_id": "lamp_003",
      "category": "lamp",
      "score": 0.6756033301353455,
      "position_xyz": [
        -30.319404539383886,
        -0.0,
        5.473012081237465
      ],
      "yaw_deg": 187.9171130071959,
      "scale": 1.0,
      "bbox_xz": [
        -30.745046296627336,
        -29.893762782140435,
        5.047370327170674,
        5.898653835304257
      ],
      "selection_source": "faiss_softmax"
    },
    {
      "instance_id": "inst_0005",
      "asset_id": "lamp_015",
      "category": "lamp",
      "score": 0.6200862526893616,
      "position_xyz": [
        -9.867468857712037,
        -0.0,
        -5.305145811274146
      ],
      "yaw_deg": -3.7081481336107505,
      "scale": 1.0,
      "bbox_xz": [
        -10.27998499165154,
        -9.454952723772534,
        -5.717661945213649,
        -4.892629677334643
      ],
      "selection_source": "faiss_softmax"
    },
    {
      "instance_id": "inst_0006",
      "asset_id": "lamp_009",
      "category": "lamp",
      "score": 0.6933750510215759,
      "position_xyz": [
        8.582334571272456,
        -0.0,
        5.214893862097312
      ],
      "yaw_deg": 177.09544204565884,
      "scale": 1.0,
      "bbox_xz": [
        8.172457024417138,
        8.992212118127775,
        4.805016315241994,
        5.62477140895263
      ],
      "selection_source": "faiss_softmax"
    },
    {
      "instance_id": "inst_0007",
      "asset_id": "lamp_007",
      "category": "lamp",
      "score": 0.6498424410820007,
      "position_xyz": [
        31.17536837348486,
        -0.0,
        -5.224247230853972
      ],
      "yaw_deg": 0.9681657764239819,
      "scale": 1.0,
      "bbox_xz": [
        30.772017547660298,
        31.578719199309425,
        -5.627598056678536,
        -4.820896405029407
      ],
      "selection_source": "faiss_softmax"
    },
    {
      "instance_id": "inst_0008",
      "asset_id": "trash_007",
      "category": "trash",
      "score": 0.6363317370414734,
      "position_xyz": [
        -31.428425762577653,
        -0.0,
        5.07514292876116
      ],
      "yaw_deg": 174.18715828778346,
      "scale": 1.0,
      "bbox_xz": [
        -32.01207381506616,
        -30.844777710089144,
        4.491494876272651,
        5.658790981249669
      ],
      "selection_source": "faiss_softmax"
    },
    {
      "instance_id": "inst_0009",
      "asset_id": "trash_004",
      "category": "trash",
      "score": 0.6343847513198853,
      "position_xyz": [
        -8.503949295422345,
        -0.0,
        -5.07552030265413
      ],
      "yaw_deg": -5.09050405082969,
      "scale": 1.0,
      "bbox_xz": [
        -9.083624039265455,
        -7.924274551579235,
        -5.65519504649724,
        -4.495845558811021
      ],
      "selection_source": "faiss_softmax"
    },
    {
      "instance_id": "inst_0010",
      "asset_id": "trash_009",
      "category": "trash",
      "score": 0.6260944604873657,
      "position_xyz": [
        10.890279764264918,
        -0.0,
        5.484401691893978
      ],
      "yaw_deg": 186.50549839836097,
      "scale": 1.0,
      "bbox_xz": [
        10.302878928690891,
        11.477680599838944,
        4.89700085631995,
        6.071802527468005
      ],
      "selection_source": "faiss_softmax"
    },
    {
      "instance_id": "inst_0011",
      "asset_id": "trash_009",
      "category": "trash",
      "score": 0.6260944604873657,
      "position_xyz": [
        31.385702813694678,
        -0.0,
        4.911184653304019
      ],
      "yaw_deg": 184.06406514642995,
      "scale": 1.0,
      "bbox_xz": [
        30.811777771179706,
        31.95962785620965,
        4.337259610789046,
        5.485109695818992
      ],
      "selection_source": "faiss_relaxed_repeat"
    },
    {
      "instance_id": "inst_0012",
      "asset_id": "tree_007",
      "category": "tree",
      "score": 0.6689828634262085,
      "position_xyz": [
        -30.725503783716288,
        -0.0,
        -5.249158937369345
      ],
      "yaw_deg": 5.304391836668996,
      "scale": 1.0,
      "bbox_xz": [
        -32.285709441644926,
        -29.165298125787647,
        -6.809364595297986,
        -3.688953279440704
      ],
      "selection_source": "faiss_softmax"
    },
    {
      "instance_id": "inst_0013",
      "asset_id": "tree_013",
      "category": "tree",
      "score": 0.7431777715682983,
      "position_xyz": [
        -14.85144724425624,
        -0.0,
        -4.850299411243374
      ],
      "yaw_deg": -0.6238053618937975,
      "scale": 1.0,
      "bbox_xz": [
        -16.314982242287424,
        -13.387912246225058,
        -6.313834379798466,
        -3.386764442688282
      ],
      "selection_source": "faiss_softmax"
    },
    {
      "instance_id": "inst_0014",
      "asset_id": "tree_004",
      "category": "tree",
      "score": 0.6948544383049011,
      "position_xyz": [
        1.2609913175757863,
        -0.0,
        5.473772953872018
      ],
      "yaw_deg": 179.78573687778535,
      "scale": 1.0,
      "bbox_xz": [
        -0.19367442735873497,
        2.7156570625103074,
        4.019107208937497,
        6.92843869880654
      ],
      "selection_source": "faiss_softmax"
    },
    {
      "instance_id": "inst_0015",
      "asset_id": "tree_008",
      "category": "tree",
      "score": 0.7512758374214172,
      "position_xyz": [
        15.474001731306695,
        -0.0,
        -5.0504283619297565
      ],
      "yaw_deg": -5.342885032093982,
      "scale": 1.0,