{
  "query": "quiet neighborhood road with benches",
  "config": {
    "query": "quiet neighborhood road with benches",
    "length_m": 80.0,
    "road_width_m": 8.0,
    "sidewalk_width_m": 2.5,
    "lane_count": 2,
    "density": 1.0,
    "seed": 3,
    "topk_per_category": 20,
    "max_trials_per_slot": 30
  },
  "summary": {
    "instance_count": 33,
    "dropped_slots": 1,
    "dropped_slot_rate": 0.029411764705882353,
    "unique_asset_count": 23,
    "diversity_ratio": 0.696969696969697,
    "overlap_rate": 0.0,
    "retrieval_top3_category_hit": 0.5,
    "policy_used": "learned",
    "latency_ms_total": 225.4564999602735,
    "latency_ms_per_instance": 6.832015150311318,
    "per_category_unique": {
      "bench": 3,
      "lamp": 4,
      "trash": 4,
      "tree": 5,
      "mailbox": 2,
      "hydrant": 2,
      "bollard": 3
    },
    "selection_source_counts": {
      "policy_softmax": 19,
      "fallback_pool": 4,
      "policy_relaxed_repeat": 10
    }
  },
  "placements": [
    {
      "instance_id": "inst_0001",
      "asset_id": "bench_001",
      "category": "bench",
      "score": 0.7023963928222656,
      "position_xyz": [
        -26.53397899077881,
        -0.0,
        5.119955166548079
      ],
      "yaw_deg": 181.66272061753912,
      "scale": 1.0,
      "bbox_xz": [
        -27.642304785910145,
        -25.425653195647474,
        4.5939671814430865,
        5.645943151653072
      ],
      "selection_source": "policy_softmax"
    },
    {
      "instance_id": "inst_0002",
      "asset_id": "bench_014",
      "category": "bench",
      "score": 0.6885248422622681,
      "position_xyz": [
        -1.3034134222805607,
        -0.0,
        -5.736832008445126
      ],
      "yaw_deg": 5.39950531354336,
      "scale": 1.0,
      "bbox_xz": [
        -2.4276498143633933,
        -0.1791770301977278,
        -6.320190597148823,
        -5.153473419741429
      ],
      "selection_source": "policy_softmax"
    },
    {
      "instance_id": "inst_0003",
      "asset_id": "bench_008",
      "category": "bench",
      "score": 0.6851462125778198,
      "position_xyz": [
        25.869659549806762,
        -0.0,
        5.745644835510463
      ],
      "yaw_deg": 179.52421612035917,
      "scale": 1.0,
      "bbox_xz": [
        24.767199433784292,
        26.972119665829233,
        5.238181657365787,
        6.253108013655139
      ],
      "selection_source": "policy_softmax"
    },
    {
      "instance_id": "inst_0004",
      "asset_id": "lamp_013",
      "category": "lamp",
      "score": 0.675342857837677,
      "position_xyz": [
        -30.070940373901994,
        -0.0,
        5.389068140544162
      ],
      "yaw_deg": 174.40986278437637,
      "scale": 1.0,
      "bbox_xz": [
        -30.489471531965627,
        -29.65240921583836,
        4.970536984152872,
        5.807599296935452
      ],
      "selection_source": "policy_softmax"
    },
    {
      "instance_id": "inst_0005",
      "asset_id": "lamp_009",
      "category": "lamp",
      "score": 0.6481276750564575,
      "position_xyz": [
        -8.89586407857011,
        -0.0,
        -5.226818789616699
      ],
      "yaw_deg": 3.860029699223844,
      "scale": 1.0,
      "bbox_xz": [
        -9.308874233891364,
        -8.482853923248856,
        -5.639828944937953,
        -4.8138086342954445
      ],
      "selection_source": "policy_softmax"
    },
    {
      "instance_id": "inst_0006",
      "asset_id": "lamp_003",
      "category": "lamp",
      "score": 0.6451749801635742,
      "position_xyz": [
        8.692094314680991,
        -0.0,
        5.508230246286818
      ],
      "yaw_deg": 181.45759332690108,
      "scale": 1.0,
      "bbox_xz": [
        8.287071611015449,
        9.097117018346534,
        5.1032075462506,
        5.913252946323036
      ],
      "selection_source": "policy_softmax"
    },
    {
      "instance_id": "inst_0007",
      "asset_id": "lamp_015",
      "category": "lamp",
      "score": 0.617817759513855,
      "position_xyz": [
        28.59303525440925,
        -0.0,
        -4.884472763021054
      ],
      "yaw_deg": -0.4360145813525307,
      "scale": 1.0,
      "bbox_xz": [
        28.191519079104538,
        28.994551429713965,
        -5.285988938325768,
        -4.48295658771634
      ],
      "selection_source": "policy_softmax"
    },
    {
      "instance_id": "inst_0008",
      "asset_id": "trash_012",
      "category": "trash",
      "score": 0.0,
      "position_xyz": [
        -28.739530141380143,
        -0.0,
        5.13760858561195
      ],
      "yaw_deg": 184.6097416783689,
      "scale": 1.0,
      "bbox_xz": [
        -29.316526904808814,
        -28.162533377951473,
        4.560611822183279,
        5.714605349040621
      ],
      "selection_source": "fallback_pool"
    },
    {
      "instance_id": "inst_0009",
      "asset_id": "trash_007",
      "category": "trash",
      "score": 0.0,
      "position_xyz": [
        -10.315109787997768,
        -0.0,
        -4.949091229014772
      ],
      "yaw_deg": -0.8860631031878299,
      "scale": 1.0,
      "bbox_xz": [
        -10.870480365956483,
        -9.759739210039053,
        -5.504461806973488,
        -4.393720651056055
      ],
      "selection_source": "fallback_pool"
    },
    {
      "instance_id": "inst_0010",
      "asset_id": "trash_003",
      "category": "trash",
      "score": 0.0,
      "position_xyz": [
        11.136599981014125,
        -0.0,
        4.847454309730877
      ],
      "yaw_deg": 174.1755017632107,
      "scale": 1.0,
      "bbox_xz": [
        10.5528883086046,
        11.72031165342365,
        4.263742637321352,
        5.431165982140403
      ],
      "selection_source": "fallback_pool"
    },
    {
      "instance_id": "inst_0011",
      "asset_id": "trash_005",
      "category": "trash",
      "score": 0.0,
      "position_xyz": [
        31.065676740579892,
        -0.0,
        5.171148512566409
      ],
      "yaw_deg": 185.33563391993835,
      "scale": 1.0,
      "bbox_xz": [
        30.484646832949224,
        31.64670664821056,
        4.59011860493574,
        5.752178420197079
      ],
      "selection_source": "fallback_pool"
    },
    {
      "instance_id": "inst_0012",
      "asset_id": "tree_013",
      "category": "tree",
      "score": 0.6942649483680725,
      "position_xyz": [
        -32.48970496620278,
        -0.0,
        -4.834269203775037
      ],
      "yaw_deg": -7.54143406672471,
      "scale": 1.0,
      "bbox_xz": [
        -34.09294667433977,
        -30.88646325806579,
        -6.437510886278841,
        -3.2310275212712325
      ],
      "selection_source": "policy_softmax"
    },
    {
      "instance_id": "inst_0013",
      "asset_id": "tree_008",
      "category": "tree",
      "score": 0.6925978064537048,
      "position_xyz": [
        -15.682542309062029,
        -0.0,
        -5.054434596277031
      ],
      "yaw_deg": 3.1778539253041185,
      "scale": 1.0,
      "bbox_xz": [
        -17.19991461834392,
        -14.165169999780135,
        -6.571806905558924,
        -3.537062286995137
      ],
      "selection_source": "policy_softmax"
    },
    {
      "instance_id": "inst_0014",
      "asset_id": "tree_001",
      "category": "tree",
      "score": 0.6712496280670166,
      "position_xyz": [
        0.12529782737857031,
        -0.0,
        5.321955603130963
      ],
      "yaw_deg": 173.6652129547378,
      "scale": 1.0,
      "bbox_xz": [
        -1.4549920725544119,
        1.7055877273115525,
        3.741665703197981,
        6.902245503063945
      ],
      "selection_source": "policy_softmax"
    },
    {
      "instance_id": "inst_0015",
      "asset_id": "tree_014",
      "category": "tree",
      "score": 0.6654436588287354,
      "position_xyz": [
        16.3989277146371,
        -0.0,
        -4.761927965480593
      ],
      "yaw_deg": -3.7266415017893966,
      "scale": 1.0,