{
  "query": "quiet neighborhood road with benches",
  "config": {
    "query": "quiet neighborhood road with benches",
    "length_m": 80.0,
    "road_width_m": 8.0,
    "sidewalk_width_m": 2.5,
    "lane_count": 2,
    "density": 1.0,
    "seed": 1,
    "topk_per_category": 20,
    "max_trials_per_slot": 30
  },
  "summary": {
    "instance_count": 32,
    "dropped_slots": 2,
    "dropped_slot_rate": 0.058823529411764705,
    "unique_asset_count": 23,
    "diversity_ratio": 0.71875,
    "overlap_rate": 0.0,
    "retrieval_top3_category_hit": 0.5,
    "policy_used": "learned",
    "latency_ms_total": 221.2987500242889,
    "latency_ms_per_instance": 6.915585938259028,
    "per_category_unique": {
      "bench": 3,
      "lamp": 4,
      "trash": 4,
      "tree": 5,
      "mailbox": 2,
      "hydrant": 2,
      "bollard": 3
    },
    "selection_source_counts": {
      "policy_softmax": 19,
      "fallback_pool": 4,
      "policy_relaxed_repeat": 9
    }
  },
  "placements": [
    {
      "instance_id": "inst_0001",
      "asset_id": "bench_001",
      "category": "bench",
      "score": 0.7023963928222656,
      "position_xyz": [
        -25.624365455854967,
        -0.0,
        5.513774618976614
      ],
      "yaw_deg": 176.08110441183075,
      "scale": 1.0,
      "bbox_xz": [
        -26.742764341352043,
        -24.50596657035789,
        4.952966188434726,
        6.074583049518502
      ],
      "selection_source": "policy_softmax"
    },
    {
      "instance_id": "inst_0002",
      "asset_id": "bench_014",
      "category": "bench",
      "score": 0.6885248422622681,
      "position_xyz": [
        -0.1515268056337855,
        -0.0,
        -5.098407027277237
      ],
      "yaw_deg": 4.619573618168211,
      "scale": 1.0,
      "bbox_xz": [
        -1.2727648959899387,
        0.9697112847223677,
        -5.669917962943287,
        -4.526896091611188
      ],
      "selection_source": "policy_softmax"
    },
    {
      "instance_id": "inst_0003",
      "asset_id": "bench_008",
      "category": "bench",
      "score": 0.6851462125778198,
      "position_xyz": [
        25.25170909623269,
        -0.0,
        5.5857651039198695
      ],
      "yaw_deg": 178.92427308648087,
      "scale": 1.0,
      "bbox_xz": [
        24.146235578025962,
        26.35718261443942,
        5.068921479721569,
        6.10260872811817
      ],
      "selection_source": "policy_softmax"
    },
    {
      "instance_id": "inst_0004",
      "asset_id": "lamp_013",
      "category": "lamp",
      "score": 0.675342857837677,
      "position_xyz": [
        -31.493681839946667,
        -0.0,
        5.195387194054802
      ],
      "yaw_deg": 183.54464051745254,
      "scale": 1.0,
      "bbox_xz": [
        -31.905664469525682,
        -31.081699210367653,
        4.783404566219708,
        5.607369821889895
      ],
      "selection_source": "policy_softmax"
    },
    {
      "instance_id": "inst_0005",
      "asset_id": "lamp_009",
      "category": "lamp",
      "score": 0.6481276750564575,
      "position_xyz": [
        -8.664187913338234,
        -0.0,
        -4.848572542388516
      ],
      "yaw_deg": -7.510560271463143,
      "scale": 1.0,
      "bbox_xz": [
        -9.088613859033067,
        -8.2397619676434,
        -5.272998488083351,
        -4.4241465966936815
      ],
      "selection_source": "policy_softmax"
    },
    {
      "instance_id": "inst_0006",
      "asset_id": "lamp_003",
      "category": "lamp",
      "score": 0.6451749801635742,
      "position_xyz": [
        10.12423741838049,
        -0.0,
        5.68914916277851
      ],
      "yaw_deg": 178.0992678030114,
      "scale": 1.0,
      "bbox_xz": [
        9.717713863025788,
        10.530760973735193,
        5.282625611023487,
        6.095672714533533
      ],
      "selection_source": "policy_softmax"
    },
    {
      "instance_id": "inst_0007",
      "asset_id": "lamp_015",
      "category": "lamp",
      "score": 0.617817759513855,
      "position_xyz": [
        29.766349726748153,
        -0.0,
        -5.720959212425132
      ],
      "yaw_deg": -4.452933339631439,
      "scale": 1.0,
      "bbox_xz": [
        29.35142540704936,
        30.181274046446948,
        -6.135883532123928,
        -5.306034892726337
      ],
      "selection_source": "policy_softmax"
    },
    {
      "instance_id": "inst_0008",
      "asset_id": "trash_008",
      "category": "trash",
      "score": 0.0,
      "position_xyz": [
        -28.68249894315424,
        -0.0,
        5.302859576292965
      ],
      "yaw_deg": 177.53120663534003,
      "scale": 1.0,
      "bbox_xz": [
        -29.247250412089514,
        -28.117747474218966,
        4.73810810735769,
        5.86761104522824
      ],
      "selection_source": "fallback_pool"
    },
    {
      "instance_id": "inst_0009",
      "asset_id": "trash_012",
      "category": "trash",
      "score": 0.0,
      "position_xyz": [
        -10.843656887986935,
        -0.0,
        -5.290396534262267
      ],
      "yaw_deg": -3.363494166552231,
      "scale": 1.0,
      "bbox_xz": [
        -11.413588593577105,
        -10.273725182396765,
        -5.860328239852437,
        -4.720464828672097
      ],
      "selection_source": "fallback_pool"
    },
    {
      "instance_id": "inst_0010",
      "asset_id": "trash_001",
      "category": "trash",
      "score": 0.0,
      "position_xyz": [
        8.800000813288381,
        -0.0,
        -5.120647095199351
      ],
      "yaw_deg": 3.5782241654332303,
      "scale": 1.0,
      "bbox_xz": [
        8.228839215695595,
        9.371162410881167,
        -5.6918086927921365,
        -4.549485497606565
      ],
      "selection_source": "fallback_pool"
    },
    {
      "instance_id": "inst_0011",
      "asset_id": "trash_006",
      "category": "trash",
      "score": 0.0,
      "position_xyz": [
        30.63357530908584,
        -0.0,
        5.68644058679946
      ],
      "yaw_deg": 178.75371199938263,
      "scale": 1.0,
      "bbox_xz": [
        30.076045571943226,
        31.19110504622845,
        5.128910849656847,
        6.243970323942072
      ],
      "selection_source": "fallback_pool"
    },
    {
      "instance_id": "inst_0012",
      "asset_id": "tree_008",
      "category": "tree",
      "score": 0.6925978064537048,
      "position_xyz": [
        -30.852562997504428,
        -0.0,
        -4.9038025815716875
      ],
      "yaw_deg": 0.08454112927360669,
      "scale": 1.0,
      "bbox_xz": [
        -32.30440603743289,
        -29.400719957575966,
        -6.35564562150015,
        -3.451959541643225
      ],
      "selection_source": "policy_softmax"
    },
    {
      "instance_id": "inst_0013",
      "asset_id": "tree_001",
      "category": "tree",
      "score": 0.6712496280670166,
      "position_xyz": [
        -17.396422509545975,
        -0.0,
        -5.507260026456932
      ],
      "yaw_deg": 4.758467960868845,
      "scale": 1.0,
      "bbox_xz": [
        -18.945808441898787,
        -15.847036577193162,
        -7.056645958809745,
        -3.9578740941041195
      ],
      "selection_source": "policy_softmax"
    },
    {
      "instance_id": "inst_0014",
      "asset_id": "tree_013",
      "category": "tree",
      "score": 0.6942649483680725,
      "position_xyz": [
        -0.9809777952628472,
        -0.0,
        5.298798761388153
      ],
      "yaw_deg": 183.2486521930501,
      "scale": 1.0,
      "bbox_xz": [
        -2.499805707037309,
        0.5378501165116146,
        3.7799708776792444,
        6.817626645097062
      ],
      "selection_source": "policy_softmax"
    },
    {
      "instance_id": "inst_0015",
      "asset_id": "tree_014",
      "category": "tree",
      "score": 0.6654436588287354,
      "position_xyz": [
        15.624109061504921,
        -0.0,
        -5.311038369955437
      ],
      "yaw_deg": 0.13482381199970916,
      "scale": 1.0,