{
  "query": "street with frequent bollards and lamps",
  "config": {
    "query": "street with frequent bollards and lamps",
    "length_m": 80.0,
    "road_width_m": 8.0,
    "sidewalk_width_m": 2.5,
    "lane_count": 2,
    "density": 1.0,
    "seed": 0,
    "topk_per_category": 20,
    "max_trials_per_slot": 30
  },
  "summary": {
    "instance_count": 32,
    "dropped_slots": 2,
    "dropped_slot_rate": 0.058823529411764705,
    "unique_asset_count": 27,
    "diversity_ratio": 0.84375,
    "overlap_rate": 0.0,
    "retrieval_top3_category_hit": 0.7647058823529411,
    "policy_used": "learned",
    "latency_ms_total": 253.12254193704575,
    "latency_ms_per_instance": 7.91007943553268,
    "per_category_unique": {
      "bench": 3,
      "lamp": 4,
      "trash": 4,
      "tree": 5,
      "mailbox": 2,
      "hydrant": 2,
      "bollard": 7
    },
    "selection_source_counts": {
      "fallback_pool": 7,
      "policy_softmax": 20,
      "policy_relaxed_repeat": 5
    }
  },
  "placements": [
    {
      "instance_id": "inst_0001",
      "asset_id": "bench_014",
      "category": "bench",
      "score": 0.0,
      "position_xyz": [
        -27.01093074723683,
        -0.0,
        5.640243920837131
      ],
      "yaw_deg": 172.64775005089245,
      "scale": 1.0,
      "bbox_xz": [
        -28.14192179448935,
        -25.879939699984313,
        5.027538277562451,
        6.252949564111811
      ],
      "selection_source": "fallback_pool"
    },
    {
      "instance_id": "inst_0002",
      "asset_id": "bench_009",
      "category": "bench",
      "score": 0.0,
      "position_xyz": [
        -0.04221691031156194,
        -0.0,
        -4.831765668214868
      ],
      "yaw_deg": 5.277646458543863,
      "scale": 1.0,
      "bbox_xz": [
        -1.1659961134382328,
        1.081562292815109,
        -5.413277770888337,
        -4.250253565541399
      ],
      "selection_source": "fallback_pool"
    },
    {
      "instance_id": "inst_0003",
      "asset_id": "bench_008",
      "category": "bench",
      "score": 0.0,
      "position_xyz": [
        26.240814790751635,
        -0.0,
        5.641660659820682
      ],
      "yaw_deg": 175.4950836306437,
      "scale": 1.0,
      "bbox_xz": [
        25.120031884293304,
        27.361597697209966,
        5.071897296506429,
        6.211424023134936
      ],
      "selection_source": "fallback_pool"
    },
    {
      "instance_id": "inst_0004",
      "asset_id": "lamp_013",
      "category": "lamp",
      "score": 0.7423624396324158,
      "position_xyz": [
        -31.080762645099963,
        -0.0,
        4.844830763476856
      ],
      "yaw_deg": 184.79044118529634,
      "scale": 1.0,
      "bbox_xz": [
        -31.496766330189836,
        -30.66475896001009,
        4.42882708008757,
        5.260834446866141
      ],
      "selection_source": "policy_softmax"
    },
    {
      "instance_id": "inst_0005",
      "asset_id": "lamp_009",
      "category": "lamp",
      "score": 0.7374610304832458,
      "position_xyz": [
        -9.902309097734419,
        -0.0,
        -5.04482774577873
      ],
      "yaw_deg": 1.6304331901271283,
      "scale": 1.0,
      "bbox_xz": [
        -10.307918646844096,
        -9.496699548624742,
        -5.450437294888407,
        -4.639218196669053
      ],
      "selection_source": "policy_softmax"
    },
    {
      "instance_id": "inst_0006",
      "asset_id": "lamp_003",
      "category": "lamp",
      "score": 0.7377331256866455,
      "position_xyz": [
        8.796290033977442,
        -0.0,
        4.823742433628725
      ],
      "yaw_deg": 185.60758122014806,
      "scale": 1.0,
      "bbox_xz": [
        8.377704214207077,
        9.214875853747808,
        4.405156617201807,
        5.242328250055643
      ],
      "selection_source": "policy_softmax"
    },
    {
      "instance_id": "inst_0007",
      "asset_id": "lamp_007",
      "category": "lamp",
      "score": 0.7260183095932007,
      "position_xyz": [
        30.1794410370447,
        -0.0,
        -5.3962086704807595
      ],
      "yaw_deg": -2.9408528076545046,
      "scale": 1.0,
      "bbox_xz": [
        29.769443421959433,
        30.589438652129967,
        -5.806206285566026,
        -4.986211055395493
      ],
      "selection_source": "policy_softmax"
    },
    {
      "instance_id": "inst_0008",
      "asset_id": "trash_011",
      "category": "trash",
      "score": 0.0,
      "position_xyz": [
        -28.760966840286304,
        -0.0,
        5.716606367770758
      ],
      "yaw_deg": 179.63215642484346,
      "scale": 1.0,
      "bbox_xz": [
        -29.313206634354778,
        -28.20872704621783,
        5.164366573702287,
        6.26884616183923
      ],
      "selection_source": "fallback_pool"
    },
    {
      "instance_id": "inst_0009",
      "asset_id": "trash_015",
      "category": "trash",
      "score": 0.0,
      "position_xyz": [
        -8.752016558929345,
        -0.0,
        4.84327186435241
      ],
      "yaw_deg": 185.4414594648866,
      "scale": 1.0,
      "bbox_xz": [
        -9.333629353302985,
        -8.170403764555704,
        4.261659069978769,
        5.42488465872605
      ],
      "selection_source": "fallback_pool"
    },
    {
      "instance_id": "inst_0010",
      "asset_id": "trash_013",
      "category": "trash",
      "score": 0.0,
      "position_xyz": [
        10.9745349314447,
        -0.0,
        5.418153201231851
      ],
      "yaw_deg": 172.01828510903084,
      "scale": 1.0,
      "bbox_xz": [
        10.379325613981884,
        11.569744248907515,
        4.822943883769035,
        6.013362518694667
      ],
      "selection_source": "fallback_pool"
    },
    {
      "instance_id": "inst_0011",
      "asset_id": "trash_008",
      "category": "trash",
      "score": 0.0,
      "position_xyz": [
        30.61092763849656,
        -0.0,
        4.8129842742612
      ],
      "yaw_deg": 186.6723035058392,
      "scale": 1.0,
      "bbox_xz": [
        30.022631498654963,
        31.199223778338155,
        4.224688134419603,
        5.401280414102796
      ],
      "selection_source": "fallback_pool"
    },
    {
      "instance_id": "inst_0012",
      "asset_id": "tree_001",
      "category": "tree",
      "score": 0.7421230673789978,
      "position_xyz": [
        -33.22635213850932,
        -0.0,
        -4.756778446435522
      ],
      "yaw_deg": 6.00139659737833,
      "scale": 1.0,
      "bbox_xz": [
        -34.8001922036311,
        -31.65251207338754,
        -6.3306185115573,
        -3.182938381313744
      ],
      "selection_source": "policy_softmax"
    },
    {
      "instance_id": "inst_0013",
      "asset_id": "tree_003",
      "category": "tree",
      "score": 0.7021268606185913,
      "position_xyz": [
        -16.032139656490283,
        -0.0,
        -5.448553207879757
      ],
      "yaw_deg": -3.342549239806962,
      "scale": 1.0,
      "bbox_xz": [
        -17.55289490251879,
        -14.511384410461776,
        -6.969308453908264,
        -3.927797961851251
      ],
      "selection_source": "policy_softmax"
    },
    {
      "instance_id": "inst_0014",
      "asset_id": "tree_013",
      "category": "tree",
      "score": 0.7022172212600708,
      "position_xyz": [
        -0.5017484616979916,
        -0.0,
        5.6722497309765485
      ],
      "yaw_deg": 175.25122963951094,
      "scale": 1.0,
      "bbox_xz": [
        -2.050941115623344,
        1.0474441922273612,
        4.123057104283975,
        7.221442357669122
      ],
      "selection_source": "policy_softmax"
    },
    {
      "instance_id": "inst_0015",
      "asset_id": "tree_004",
      "category": "tree",
      "score": 0.7017756700515747,
      "position_xyz": [
        16.141690319499755,
        -0.0,
        -5.4623427357897985
      ],
      "yaw_deg": -6.533886480774063,
      "scale": 1.0,