{
  "query": "street with frequent bollards and lamps",
  "config": {
    "query": "street with frequent bollards and lamps",
    "length_m": 80.0,
    "road_width_m": 8.0,
    "sidewalk_width_m": 2.5,
    "lane_count": 2,
    "density": 1.0,
    "seed": 2,
    "topk_per_category": 20,
    "max_trials_per_slot": 30
  },
  "summary": {
    "instance_count": 33,
    "dropped_slots": 1,
    "dropped_slot_rate": 0.029411764705882353,
    "unique_asset_count": 27,
    "diversity_ratio": 0.8181818181818182,
    "overlap_rate": 0.0,
    "retrieval_top3_category_hit": 0.7647058823529411,
    "policy_used": "learned",
    "latency_ms_total": 243.29887493513525,
    "latency_ms_per_instance": 7.372693179852583,
    "per_category_unique": {
      "bench": 3,
      "lamp": 4,
      "trash": 4,
      "tree": 5,
      "mailbox": 2,
      "hydrant": 2,
      "bollard": 7
    },
    "selection_source_counts": {
      "fallback_pool": 7,
      "policy_softmax": 20,
      "policy_relaxed_repeat": 6
    }
  },
  "placements": [
    {
      "instance_id": "inst_0001",
      "asset_id": "bench_014",
      "category": "bench",
      "score": 0.0,
      "position_xyz": [
        -25.323184205488616,
        -0.0,
        4.806551367726809
      ],
      "yaw_deg": 173.35795192254275,
      "scale": 1.0,
      "bbox_xz": [
        -26.451843356669098,
        -24.194525054308134,
        4.204465394180186,
        5.408637341273431
      ],
      "selection_source": "fallback_pool"
    },
    {
      "instance_id": "inst_0002",
      "asset_id": "bench_015",
      "category": "bench",
      "score": 0.0,
      "position_xyz": [
        -0.9927491530186688,
        -0.0,
        -4.941037955360633
      ],
      "yaw_deg": 5.661350167767578,
      "scale": 1.0,
      "bbox_xz": [
        -2.1179537864169684,
        0.13245548037963062,
        -5.528358313428467,
        -4.353717597292799
      ],
      "selection_source": "fallback_pool"
    },
    {
      "instance_id": "inst_0003",
      "asset_id": "bench_005",
      "category": "bench",
      "score": 0.0,
      "position_xyz": [
        26.984499163702058,
        -0.0,
        5.356801733640838
      ],
      "yaw_deg": 181.29926427379206,
      "scale": 1.0,
      "bbox_xz": [
        25.877928228287647,
        28.091070099116468,
        4.836471820563292,
        5.877131646718383
      ],
      "selection_source": "fallback_pool"
    },
    {
      "instance_id": "inst_0004",
      "asset_id": "lamp_013",
      "category": "lamp",
      "score": 0.7423624396324158,
      "position_xyz": [
        -30.207991079126195,
        -0.0,
        5.1435318202053715
      ],
      "yaw_deg": 183.56819329979945,
      "scale": 1.0,
      "bbox_xz": [
        -30.620050665208097,
        -29.795931493044293,
        4.731472235866579,
        5.555591404544164
      ],
      "selection_source": "policy_softmax"
    },
    {
      "instance_id": "inst_0005",
      "asset_id": "lamp_009",
      "category": "lamp",
      "score": 0.7374610304832458,
      "position_xyz": [
        -8.651813580720269,
        -0.0,
        -5.20582295257068
      ],
      "yaw_deg": -0.8823329803863427,
      "scale": 1.0,
      "bbox_xz": [
        -9.054869670788376,
        -8.248757490652162,
        -5.608879042638786,
        -4.8027668625025735
      ],
      "selection_source": "policy_softmax"
    },
    {
      "instance_id": "inst_0006",
      "asset_id": "lamp_003",
      "category": "lamp",
      "score": 0.7377331256866455,
      "position_xyz": [
        8.607772988178573,
        -0.0,
        4.777444857090819
      ],
      "yaw_deg": 179.438301793557,
      "scale": 1.0,
      "bbox_xz": [
        8.205821926980665,
        9.00972404937648,
        4.375493799581503,
        5.179395914600135
      ],
      "selection_source": "policy_softmax"
    },
    {
      "instance_id": "inst_0007",
      "asset_id": "lamp_007",
      "category": "lamp",
      "score": 0.7260183095932007,
      "position_xyz": [
        29.640044765702136,
        -0.0,
        -4.8582105421717126
      ],
      "yaw_deg": 0.41204430633645295,
      "scale": 1.0,
      "bbox_xz": [
        29.238611640924137,
        30.041477890480135,
        -5.259643666949713,
        -4.456777417393712
      ],
      "selection_source": "policy_softmax"
    },
    {
      "instance_id": "inst_0008",
      "asset_id": "trash_009",
      "category": "trash",
      "score": 0.0,
      "position_xyz": [
        -30.979233738704828,
        -0.0,
        -5.239833306445004
      ],
      "yaw_deg": -2.244937539257579,
      "scale": 1.0,
      "bbox_xz": [
        -31.542675142428127,
        -30.41579233498153,
        -5.803274710168302,
        -4.676391902721705
      ],
      "selection_source": "fallback_pool"
    },
    {
      "instance_id": "inst_0009",
      "asset_id": "trash_010",
      "category": "trash",
      "score": 0.0,
      "position_xyz": [
        -9.109720235735082,
        -0.0,
        5.484401691893978
      ],
      "yaw_deg": 186.50549839836097,
      "scale": 1.0,
      "bbox_xz": [
        -9.697121071309109,
        -8.522319400161056,
        4.89700085631995,
        6.071802527468005
      ],
      "selection_source": "fallback_pool"
    },
    {
      "instance_id": "inst_0010",
      "asset_id": "trash_015",
      "category": "trash",
      "score": 0.0,
      "position_xyz": [
        9.592766570815764,
        -0.0,
        5.3434855591787915
      ],
      "yaw_deg": 177.7901821113797,
      "scale": 1.0,
      "bbox_xz": [
        9.029531200819731,
        10.156001940811796,
        4.780250189182759,
        5.906720929174824
      ],
      "selection_source": "fallback_pool"
    },
    {
      "instance_id": "inst_0011",
      "asset_id": "trash_008",
      "category": "trash",
      "score": 0.0,
      "position_xyz": [
        29.884220093225935,
        -0.0,
        5.280355716123445
      ],
      "yaw_deg": 179.84022274960307,
      "scale": 1.0,
      "bbox_xz": [
        29.333245437674794,
        30.435194748777075,
        4.729381060572306,
        5.831330371674584
      ],
      "selection_source": "fallback_pool"
    },
    {
      "instance_id": "inst_0012",
      "asset_id": "tree_001",
      "category": "tree",
      "score": 0.7421230673789978,
      "position_xyz": [
        -32.564467026346996,
        -0.0,
        4.957818474537927
      ],
      "yaw_deg": 180.1902665336845,
      "scale": 1.0,
      "bbox_xz": [
        -34.018611098333714,
        -31.110322954360278,
        3.5036744025512085,
        6.411962546524645
      ],
      "selection_source": "policy_softmax"
    },
    {
      "instance_id": "inst_0013",
      "asset_id": "tree_013",
      "category": "tree",
      "score": 0.7022172212600708,
      "position_xyz": [
        -15.630204739822382,
        -0.0,
        -5.674624630925955
      ],
      "yaw_deg": 5.12639991539227,
      "scale": 1.0,
      "bbox_xz": [
        -17.186896305729476,
        -14.073513173915286,
        -7.231316169812871,
        -4.1179330920390385
      ],
      "selection_source": "policy_softmax"
    },
    {
      "instance_id": "inst_0014",
      "asset_id": "tree_003",
      "category": "tree",
      "score": 0.7021268606185913,
      "position_xyz": [
        1.2229608628539625,
        -0.0,
        4.941402733304118
      ],
      "yaw_deg": 183.91652358843766,
      "scale": 1.0,
      "bbox_xz": [
        -0.3094986788590599,
        2.7554204045669852,
        3.4089431915910957,
        6.47386227501714
      ],
      "selection_source": "policy_softmax"
    },
    {
      "instance_id": "inst_0015",
      "asset_id": "tree_004",
      "category": "tree",
      "score": 0.7017756700515747,
      "position_xyz": [
        16.45872978230365,
        -0.0,
        -5.476900267662851
      ],
      "yaw_deg": -4.374135532083791,
      "scale": 1.0,