{
  "query": "modern clean urban street",
  "config": {
    "query": "modern clean urban street",
    "length_m": 80.0,
    "road_width_m": 8.0,
    "sidewalk_width_m": 2.5,
    "lane_count": 2,
    "density": 1.0,
    "seed": 3,
    "topk_per_category": 20,
    "max_trials_per_slot": 30
  },
  "summary": {
    "instance_count": 33,
    "dropped_slots": 1,
    "dropped_slot_rate": 0.029411764705882353,
    "unique_asset_count": 28,
    "diversity_ratio": 0.8484848484848485,
    "overlap_rate": 0.0,
    "retrieval_top3_category_hit": 0.8823529411764706,
    "policy_used": "learned",
    "latency_ms_total": 219.0936249680817,
    "latency_ms_per_instance": 6.6392007566085365,
    "per_category_unique": {
      "bench": 3,
      "lamp": 4,
      "trash": 4,
      "tree": 5,
      "mailbox": 2,
      "hydrant": 2,
      "bollard": 8
    },
    "selection_source_counts": {
      "policy_softmax": 28,
      "policy_relaxed_repeat": 5
    }
  },
  "placements": [
    {
      "instance_id": "inst_0001",
      "asset_id": "bench_001",
      "category": "bench",
      "score": 0.6929796934127808,
      "position_xyz": [
        -26.53397899077881,
        -0.0,
        5.119955166548079
      ],
      "yaw_deg": 181.66272061753912,
      "scale": 1.0,
      "bbox_xz": [
        -27.642304785910145,
        -25.425653195647474,
        4.5939671814430865,
        5.645943151653072
      ],
      "selection_source": "policy_softmax"
    },
    {
      "instance_id": "inst_0002",
      "asset_id": "bench_003",
      "category": "bench",
      "score": 0.6644050478935242,
      "position_xyz": [
        -1.3034134222805607,
        -0.0,
        -5.736832008445126
      ],
      "yaw_deg": 5.39950531354336,
      "scale": 1.0,
      "bbox_xz": [
        -2.4276498143633933,
        -0.1791770301977278,
        -6.320190597148823,
        -5.153473419741429
      ],
      "selection_source": "policy_softmax"
    },
    {
      "instance_id": "inst_0003",
      "asset_id": "bench_014",
      "category": "bench",
      "score": 0.6621143221855164,
      "position_xyz": [
        25.869659549806762,
        -0.0,
        5.745644835510463
      ],
      "yaw_deg": 179.52421612035917,
      "scale": 1.0,
      "bbox_xz": [
        24.767199433784292,
        26.972119665829233,
        5.238181657365787,
        6.253108013655139
      ],
      "selection_source": "policy_softmax"
    },
    {
      "instance_id": "inst_0004",
      "asset_id": "lamp_013",
      "category": "lamp",
      "score": 0.7476488351821899,
      "position_xyz": [
        -30.070940373901994,
        -0.0,
        5.389068140544162
      ],
      "yaw_deg": 174.40986278437637,
      "scale": 1.0,
      "bbox_xz": [
        -30.489471531965627,
        -29.65240921583836,
        4.970536984152872,
        5.807599296935452
      ],
      "selection_source": "policy_softmax"
    },
    {
      "instance_id": "inst_0005",
      "asset_id": "lamp_009",
      "category": "lamp",
      "score": 0.7178068161010742,
      "position_xyz": [
        -8.89586407857011,
        -0.0,
        -5.226818789616699
      ],
      "yaw_deg": 3.860029699223844,
      "scale": 1.0,
      "bbox_xz": [
        -9.308874233891364,
        -8.482853923248856,
        -5.639828944937953,
        -4.8138086342954445
      ],
      "selection_source": "policy_softmax"
    },
    {
      "instance_id": "inst_0006",
      "asset_id": "lamp_003",
      "category": "lamp",
      "score": 0.7169508337974548,
      "position_xyz": [
        8.692094314680991,
        -0.0,
        5.508230246286818
      ],
      "yaw_deg": 181.45759332690108,
      "scale": 1.0,
      "bbox_xz": [
        8.287071611015449,
        9.097117018346534,
        5.1032075462506,
        5.913252946323036
      ],
      "selection_source": "policy_softmax"
    },
    {
      "instance_id": "inst_0007",
      "asset_id": "lamp_001",
      "category": "lamp",
      "score": 0.7119317054748535,
      "position_xyz": [
        28.59303525440925,
        -0.0,
        -4.884472763021054
      ],
      "yaw_deg": -0.4360145813525307,
      "scale": 1.0,
      "bbox_xz": [
        28.191519079104538,
        28.994551429713965,
        -5.285988938325768,
        -4.48295658771634
      ],
      "selection_source": "policy_softmax"
    },
    {
      "instance_id": "inst_0008",
      "asset_id": "trash_004",
      "category": "trash",
      "score": 0.6624256372451782,
      "position_xyz": [
        -28.863561599233556,
        -0.0,
        5.464129483611202
      ],
      "yaw_deg": 186.737578681342,
      "scale": 1.0,
      "bbox_xz": [
        -29.45220719940182,
        -28.274915999065293,
        4.875483883442938,
        6.0527750837794665
      ],
      "selection_source": "policy_softmax"
    },
    {
      "instance_id": "inst_0009",
      "asset_id": "trash_007",
      "category": "trash",
      "score": 0.6428554654121399,
      "position_xyz": [
        -8.863400018985875,
        -0.0,
        4.847454309730877
      ],
      "yaw_deg": 174.1755017632107,
      "scale": 1.0,
      "bbox_xz": [
        -9.4471116913954,
        -8.27968834657635,
        4.263742637321352,
        5.431165982140403
      ],
      "selection_source": "policy_softmax"
    },
    {
      "instance_id": "inst_0010",
      "asset_id": "trash_009",
      "category": "trash",
      "score": 0.6317286491394043,
      "position_xyz": [
        11.39644041669461,
        -0.0,
        5.18616186662743
      ],
      "yaw_deg": 182.02637265386886,
      "scale": 1.0,
      "bbox_xz": [
        10.834283467033682,
        11.958597366355537,
        4.624004916966501,
        5.748318816288358
      ],
      "selection_source": "policy_softmax"
    },
    {
      "instance_id": "inst_0011",
      "asset_id": "trash_014",
      "category": "trash",
      "score": 0.624211847782135,
      "position_xyz": [
        30.02172895148718,
        -0.0,
        -5.364133741155097
      ],
      "yaw_deg": -2.385432179677119,
      "scale": 1.0,
      "bbox_xz": [
        29.45746468531397,
        30.58599321766039,
        -5.928398007328308,
        -4.799869474981886
      ],
      "selection_source": "policy_softmax"
    },
    {
      "instance_id": "inst_0012",
      "asset_id": "tree_013",
      "category": "tree",
      "score": 0.7556660175323486,
      "position_xyz": [
        -30.71316319639995,
        -0.0,
        -4.893599433603244
      ],
      "yaw_deg": 7.855834317901042,
      "scale": 1.0,
      "bbox_xz": [
        -32.32228335166974,
        -29.104043041130158,
        -6.502719563423814,
        -3.284479303782674
      ],
      "selection_source": "policy_softmax"
    },
    {
      "instance_id": "inst_0013",
      "asset_id": "tree_001",
      "category": "tree",
      "score": 0.7298883199691772,
      "position_xyz": [
        -17.01070113408679,
        -0.0,
        -4.889362466883732
      ],
      "yaw_deg": 7.434127156944982,
      "scale": 1.0,
      "bbox_xz": [
        -18.61192677887061,
        -15.409475489302972,
        -6.490588111667551,
        -3.2881368220999128
      ],
      "selection_source": "policy_softmax"
    },
    {
      "instance_id": "inst_0014",
      "asset_id": "tree_008",
      "category": "tree",
      "score": 0.7544769048690796,
      "position_xyz": [
        0.20732251042297056,
        -0.0,
        5.463817020174199
      ],
      "yaw_deg": 175.37799973880956,
      "scale": 1.0,
      "bbox_xz": [
        -1.3393395758247362,
        1.7539845966706773,
        3.917154933926492,
        7.010479106421906
      ],
      "selection_source": "policy_softmax"
    },
    {
      "instance_id": "inst_0015",
      "asset_id": "tree_004",
      "category": "tree",
      "score": 0.7150040864944458,
      "position_xyz": [
        16.220597057053855,
        -0.0,
        -5.465042538013795
      ],
      "yaw_deg": -6.9846307656763305,
      "scale": 1.0,