{
  "query": "dense downtown avenue with street furniture",
  "config": {
    "query": "dense downtown avenue with street furniture",
    "length_m": 80.0,
    "road_width_m": 8.0,
    "sidewalk_width_m": 2.5,
    "lane_count": 2,
    "density": 1.0,
    "seed": 2,
    "topk_per_category": 20,
    "max_trials_per_slot": 30
  },
  "summary": {
    "instance_count": 32,
    "dropped_slots": 2,
    "dropped_slot_rate": 0.058823529411764705,
    "unique_asset_count": 26,
    "diversity_ratio": 0.8125,
    "overlap_rate": 0.0,
    "retrieval_top3_category_hit": 0.8823529411764706,
    "policy_used": "learned",
    "latency_ms_total": 229.70166604500264,
    "latency_ms_per_instance": 7.1781770639063325,
    "per_category_unique": {
      "bench": 3,
      "lamp": 4,
      "trash": 3,
      "tree": 5,
      "mailbox": 2,
      "hydrant": 2,
      "bollard": 7
    },
    "selection_source_counts": {
      "policy_softmax": 26,
      "policy_relaxed_repeat": 6
    }
  },
  "placements": [
    {
      "instance_id": "inst_0001",
      "asset_id": "bench_008",
      "category": "bench",
      "score": 0.6949796080589294,
      "position_xyz": [
        -25.323184205488616,
        -0.0,
        4.806551367726809
      ],
      "yaw_deg": 173.35795192254275,
      "scale": 1.0,
      "bbox_xz": [
        -26.451843356669098,
        -24.194525054308134,
        4.204465394180186,
        5.408637341273431
      ],
      "selection_source": "policy_softmax"
    },
    {
      "instance_id": "inst_0002",
      "asset_id": "bench_001",
      "category": "bench",
      "score": 0.7049499750137329,
      "position_xyz": [
        0.7079099672055698,
        -0.0,
        -5.080269598559779
      ],
      "yaw_deg": -3.0698166785736927,
      "scale": 1.0,
      "bbox_xz": [
        -0.40686436139787685,
        1.8226842958090164,
        -5.628036615548465,
        -4.532502581571093
      ],
      "selection_source": "policy_softmax"
    },
    {
      "instance_id": "inst_0003",
      "asset_id": "bench_014",
      "category": "bench",
      "score": 0.696748673915863,
      "position_xyz": [
        26.987071867589187,
        -0.0,
        5.331204017112003
      ],
      "yaw_deg": 174.53412592407687,
      "scale": 1.0,
      "bbox_xz": [
        25.862588232199254,
        28.11155550297912,
        4.7468404938764,
        5.915567540347606
      ],
      "selection_source": "policy_softmax"
    },
    {
      "instance_id": "inst_0004",
      "asset_id": "lamp_009",
      "category": "lamp",
      "score": 0.7055652737617493,
      "position_xyz": [
        -30.319404539383886,
        -0.0,
        5.473012081237465
      ],
      "yaw_deg": 187.9171130071959,
      "scale": 1.0,
      "bbox_xz": [
        -30.745046292937555,
        -29.893762785830216,
        5.0473703276837965,
        5.898653834791134
      ],
      "selection_source": "policy_softmax"
    },
    {
      "instance_id": "inst_0005",
      "asset_id": "lamp_013",
      "category": "lamp",
      "score": 0.7055619359016418,
      "position_xyz": [
        -9.867468857712037,
        -0.0,
        -5.305145811274146
      ],
      "yaw_deg": -3.7081481336107505,
      "scale": 1.0,
      "bbox_xz": [
        -10.279984993510286,
        -9.454952721913788,
        -5.717661945334115,
        -4.8926296772141775
      ],
      "selection_source": "policy_softmax"
    },
    {
      "instance_id": "inst_0006",
      "asset_id": "lamp_003",
      "category": "lamp",
      "score": 0.6979076862335205,
      "position_xyz": [
        8.582334571272456,
        -0.0,
        5.214893862097312
      ],
      "yaw_deg": 177.09544204565884,
      "scale": 1.0,
      "bbox_xz": [
        8.172457020696633,
        8.99221212184828,
        4.805016315053225,
        5.624771409141399
      ],
      "selection_source": "policy_softmax"
    },
    {
      "instance_id": "inst_0007",
      "asset_id": "lamp_007",
      "category": "lamp",
      "score": 0.6770601868629456,
      "position_xyz": [
        31.17536837348486,
        -0.0,
        -5.224247230853972
      ],
      "yaw_deg": 0.9681657764239819,
      "scale": 1.0,
      "bbox_xz": [
        30.772017547660298,
        31.578719199309425,
        -5.627598056678536,
        -4.820896405029407
      ],
      "selection_source": "policy_softmax"
    },
    {
      "instance_id": "inst_0008",
      "asset_id": "trash_004",
      "category": "trash",
      "score": 0.6361665725708008,
      "position_xyz": [
        -31.428425762577653,
        -0.0,
        5.07514292876116
      ],
      "yaw_deg": 174.18715828778346,
      "scale": 1.0,
      "bbox_xz": [
        -32.01207381506616,
        -30.844777710089144,
        4.491494876272651,
        5.658790981249669
      ],
      "selection_source": "policy_softmax"
    },
    {
      "instance_id": "inst_0009",
      "asset_id": "trash_009",
      "category": "trash",
      "score": 0.6284312009811401,
      "position_xyz": [
        -8.503949295422345,
        -0.0,
        -5.07552030265413
      ],
      "yaw_deg": -5.09050405082969,
      "scale": 1.0,
      "bbox_xz": [
        -9.083624039265455,
        -7.924274551579235,
        -5.65519504649724,
        -4.495845558811021
      ],
      "selection_source": "policy_softmax"
    },
    {
      "instance_id": "inst_0010",
      "asset_id": "trash_007",
      "category": "trash",
      "score": 0.621518611907959,
      "position_xyz": [
        10.890279764264918,
        -0.0,
        5.484401691893978
      ],
      "yaw_deg": 186.50549839836097,
      "scale": 1.0,
      "bbox_xz": [
        10.302878928690891,
        11.477680599838944,
        4.89700085631995,
        6.071802527468005
      ],
      "selection_source": "policy_softmax"
    },
    {
      "instance_id": "inst_0011",
      "asset_id": "trash_004",
      "category": "trash",
      "score": 0.6361665725708008,
      "position_xyz": [
        31.385702813694678,
        -0.0,
        4.911184653304019
      ],
      "yaw_deg": 184.06406514642995,
      "scale": 1.0,
      "bbox_xz": [
        30.811777771179706,
        31.95962785620965,
        4.337259610789046,
        5.485109695818992
      ],
      "selection_source": "policy_relaxed_repeat"
    },
    {
      "instance_id": "inst_0012",
      "asset_id": "tree_008",
      "category": "tree",
      "score": 0.7495153546333313,
      "position_xyz": [
        -30.725503783716288,
        -0.0,
        -5.249158937369345
      ],
      "yaw_deg": 5.304391836668996,
      "scale": 1.0,
      "bbox_xz": [
        -32.285709441644926,
        -29.165298125787647,
        -6.809364595297986,
        -3.688953279440704
      ],
      "selection_source": "policy_softmax"
    },
    {
      "instance_id": "inst_0013",
      "asset_id": "tree_001",
      "category": "tree",
      "score": 0.7264688014984131,
      "position_xyz": [
        -14.85144724425624,
        -0.0,
        -4.850299411243374
      ],
      "yaw_deg": -0.6238053618937975,
      "scale": 1.0,
      "bbox_xz": [
        -16.314982212486868,
        -13.387912276025613,
        -6.3138343794740015,
        -3.386764443012747
      ],
      "selection_source": "policy_softmax"
    },
    {
      "instance_id": "inst_0014",
      "asset_id": "tree_013",
      "category": "tree",
      "score": 0.7447633743286133,
      "position_xyz": [
        1.2609913175757863,
        -0.0,
        5.473772953872018
      ],
      "yaw_deg": 179.78573687778535,
      "scale": 1.0,
      "bbox_xz": [
        -0.19367445716084886,
        2.7156570923124215,
        4.019107208826048,
        6.928438698917988
      ],
      "selection_source": "policy_softmax"
    },
    {
      "instance_id": "inst_0015",
      "asset_id": "tree_004",
      "category": "tree",
      "score": 0.7029288411140442,
      "position_xyz": [
        15.474001731306695,
        -0.0,
        -5.0504283619297565
      ],
      "yaw_deg": -5.342885032093982,
      "scale": 1.0,