{
  "query": "street with frequent bollards and lamps",
  "config": {
    "query": "street with frequent bollards and lamps",
    "length_m": 80.0,
    "road_width_m": 8.0,
    "sidewalk_width_m": 2.5,
    "lane_count": 2,
    "density": 1.0,
    "seed": 4,
    "topk_per_category": 20,
    "max_trials_per_slot": 30
  },
  "summary": {
    "instance_count": 33,
    "dropped_slots": 1,
    "dropped_slot_rate": 0.029411764705882353,
    "unique_asset_count": 27,
    "diversity_ratio": 0.8181818181818182,
    "overlap_rate": 0.0,
    "retrieval_top3_category_hit": 0.7647058823529411,
    "policy_used": "learned",
    "latency_ms_total": 235.9687079442665,
    "latency_ms_per_instance": 7.150566907402015,
    "per_category_unique": {
      "bench": 3,
      "lamp": 4,
      "trash": 4,
      "tree": 5,
      "mailbox": 2,
      "hydrant": 2,
      "bollard": 7
    },
    "selection_source_counts": {
      "fallback_pool": 7,
      "policy_softmax": 20,
      "policy_relaxed_repeat": 6
    }
  },
  "placements": [
    {
      "instance_id": "inst_0001",
      "asset_id": "bench_004",
      "category": "bench",
      "score": 0.0,
      "position_xyz": [
        -27.256770909010132,
        -0.0,
        5.471216905087666
      ],
      "yaw_deg": 179.66205431878237,
      "scale": 1.0,
      "bbox_xz": [
        -28.358524699185953,
        -26.155017118834312,
        4.965913704154136,
        5.976520106021196
      ],
      "selection_source": "fallback_pool"
    },
    {
      "instance_id": "inst_0002",
      "asset_id": "bench_002",
      "category": "bench",
      "score": 0.0,
      "position_xyz": [
        -1.3004547129612303,
        -0.0,
        -5.348408985514925
      ],
      "yaw_deg": 6.687280689403503,
      "scale": 1.0,
      "bbox_xz": [
        -2.4292666385966797,
        -0.17164278732578064,
        -5.951173168160576,
        -4.745644802869274
      ],
      "selection_source": "fallback_pool"
    },
    {
      "instance_id": "inst_0003",
      "asset_id": "bench_015",
      "category": "bench",
      "score": 0.0,
      "position_xyz": [
        28.13674114367978,
        -0.0,
        4.808847056492628
      ],
      "yaw_deg": 180.32542831142902,
      "scale": 1.0,
      "bbox_xz": [
        27.03505175495663,
        29.238430532402933,
        4.303740095228134,
        5.313954017757121
      ],
      "selection_source": "fallback_pool"
    },
    {
      "instance_id": "inst_0004",
      "asset_id": "lamp_013",
      "category": "lamp",
      "score": 0.7423624396324158,
      "position_xyz": [
        -29.160763349250008,
        -0.0,
        5.576871679024274
      ],
      "yaw_deg": 176.18751325778967,
      "scale": 1.0,
      "bbox_xz": [
        -29.573619025412743,
        -28.747907673087273,
        5.164016004596213,
        5.989727353452334
      ],
      "selection_source": "policy_softmax"
    },
    {
      "instance_id": "inst_0005",
      "asset_id": "lamp_003",
      "category": "lamp",
      "score": 0.7377331256866455,
      "position_xyz": [
        -11.423080954799353,
        -0.0,
        -5.109311358581094
      ],
      "yaw_deg": -3.8359335898819165,
      "scale": 1.0,
      "bbox_xz": [
        -11.836012836831266,
        -11.01014907276744,
        -5.5222432371452825,
        -4.696379480016905
      ],
      "selection_source": "policy_softmax"
    },
    {
      "instance_id": "inst_0006",
      "asset_id": "lamp_009",
      "category": "lamp",
      "score": 0.7374610304832458,
      "position_xyz": [
        8.994454778205975,
        -0.0,
        5.039640692077395
      ],
      "yaw_deg": 185.877146450507,
      "scale": 1.0,
      "bbox_xz": [
        8.575026872808708,
        9.413882683603243,
        4.620212786680127,
        5.459068597474663
      ],
      "selection_source": "policy_softmax"
    },
    {
      "instance_id": "inst_0007",
      "asset_id": "lamp_007",
      "category": "lamp",
      "score": 0.7260183095932007,
      "position_xyz": [
        31.045587835015,
        -0.0,
        -5.3776069053506985
      ],
      "yaw_deg": 5.5166276223482935,
      "scale": 1.0,
      "bbox_xz": [
        30.62728723965227,
        31.46388843037773,
        -5.795907500713429,
        -4.959306309987968
      ],
      "selection_source": "policy_softmax"
    },
    {
      "instance_id": "inst_0008",
      "asset_id": "trash_006",
      "category": "trash",
      "score": 0.0,
      "position_xyz": [
        -30.079236337244566,
        -0.0,
        -5.6606537927346094
      ],
      "yaw_deg": 6.953413822398529,
      "scale": 1.0,
      "bbox_xz": [
        -30.669033848839295,
        -29.489438825649838,
        -6.250451304329336,
        -5.070856281139883
      ],
      "selection_source": "fallback_pool"
    },
    {
      "instance_id": "inst_0009",
      "asset_id": "trash_015",
      "category": "trash",
      "score": 0.0,
      "position_xyz": [
        -8.673378336109842,
        -0.0,
        -4.909537320582228
      ],
      "yaw_deg": -7.884618650809493,
      "scale": 1.0,
      "bbox_xz": [
        -9.268082065014182,
        -8.078674607205501,
        -5.504241049486568,
        -4.314833591677887
      ],
      "selection_source": "fallback_pool"
    },
    {
      "instance_id": "inst_0010",
      "asset_id": "trash_005",
      "category": "trash",
      "score": 0.0,
      "position_xyz": [
        10.217100405057675,
        -0.0,
        5.63231723987879
      ],
      "yaw_deg": 185.56870541157815,
      "scale": 1.0,
      "bbox_xz": [
        9.634788464393486,
        10.799412345721864,
        5.050005299214602,
        6.214629180542978
      ],
      "selection_source": "fallback_pool"
    },
    {
      "instance_id": "inst_0011",
      "asset_id": "trash_011",
      "category": "trash",
      "score": 0.0,
      "position_xyz": [
        29.08537551940857,
        -0.0,
        -5.32626892180061
      ],
      "yaw_deg": -3.388742872352241,
      "scale": 1.0,
      "bbox_xz": [
        28.515298928914603,
        29.655452109902534,
        -5.896345512294573,
        -4.7561923313066465
      ],
      "selection_source": "fallback_pool"
    },
    {
      "instance_id": "inst_0012",
      "asset_id": "tree_001",
      "category": "tree",
      "score": 0.7421230673789978,
      "position_xyz": [
        -32.800324425732086,
        -0.0,
        5.009655146394612
      ],
      "yaw_deg": 184.75825357952576,
      "scale": 1.0,
      "bbox_xz": [
        -34.34970608510987,
        -31.250942766354296,
        3.4602734870168232,
        6.559036805772402
      ],
      "selection_source": "policy_softmax"
    },
    {
      "instance_id": "inst_0013",
      "asset_id": "tree_013",
      "category": "tree",
      "score": 0.7022172212600708,
      "position_xyz": [
        -16.11199077308884,
        -0.0,
        -4.752528017160049
      ],
      "yaw_deg": 0.30195337946674705,
      "scale": 1.0,
      "bbox_xz": [
        -17.568561014667416,
        -14.655420531510268,
        -6.209098229093774,
        -3.2959578052263243
      ],
      "selection_source": "policy_softmax"
    },
    {
      "instance_id": "inst_0014",
      "asset_id": "tree_003",
      "category": "tree",
      "score": 0.7021268606185913,
      "position_xyz": [
        0.6026361586789024,
        -0.0,
        4.89506275949835
      ],
      "yaw_deg": 182.78046097702665,
      "scale": 1.0,
      "bbox_xz": [
        -0.9065287061149243,
        2.1118010234727294,
        3.385897894704523,
        6.404227624292177
      ],
      "selection_source": "policy_softmax"
    },
    {
      "instance_id": "inst_0015",
      "asset_id": "tree_004",
      "category": "tree",
      "score": 0.7017756700515747,
      "position_xyz": [
        17.24059545701751,
        -0.0,
        -5.114980894083791
      ],
      "yaw_deg": -0.9415686993235557,
      "scale": 1.0,