{
  "query": "minimalist urban street",
  "config": {
    "query": "minimalist urban street",
    "length_m": 80.0,
    "road_width_m": 8.0,
    "sidewalk_width_m": 2.5,
    "lane_count": 2,
    "density": 1.0,
    "seed": 0,
    "topk_per_category": 20,
    "max_trials_per_slot": 30
  },
  "summary": {
    "instance_count": 33,
    "dropped_slots": 1,
    "dropped_slot_rate": 0.029411764705882353,
    "unique_asset_count": 28,
    "diversity_ratio": 0.8484848484848485,
    "overlap_rate": 0.0,
    "retrieval_top3_category_hit": 1.0,
    "policy_used": "rule",
    "latency_ms_total": 214.47350003290921,
    "latency_ms_per_instance": 6.499196970694219,
    "per_category_unique": {
      "bench": 3,
      "lamp": 4,
      "trash": 4,
      "tree": 5,
      "mailbox": 2,
      "hydrant": 2,
      "bollard": 8
    },
    "selection_source_counts": {
      "faiss_softmax": 28,
      "faiss_relaxed_repeat": 5
    }
  },
  "placements": [
    {
      "instance_id": "inst_0001",
      "asset_id": "bench_003",
      "category": "bench",
      "score": 0.6572916507720947,
      "position_xyz": [
        -25.89280345784576,
        -0.0,
        5.1705715808308454
      ],
      "yaw_deg": 176.1426680046874,
      "scale": 1.0,
      "bbox_xz": [
        -27.01094631230765,
        -24.774660603383868,
        4.610706105350402,
        5.730437056311289
      ],
      "selection_source": "faiss_softmax"
    },
    {
      "instance_id": "inst_0002",
      "asset_id": "bench_013",
      "category": "bench",
      "score": 0.6792652606964111,
      "position_xyz": [
        -0.28519758764875713,
        -0.0,
        -4.966201410965227
      ],
      "yaw_deg": -3.1469963827371608,
      "scale": 1.0,
      "bbox_xz": [
        -1.4003096935480972,
        0.8299145182505829,
        -5.515157052129427,
        -4.417245769801027
      ],
      "selection_source": "faiss_softmax"
    },
    {
      "instance_id": "inst_0003",
      "asset_id": "bench_011",
      "category": "bench",
      "score": 0.6882517337799072,
      "position_xyz": [
        26.916812785031766,
        -0.0,
        5.658112885195335
      ],
      "yaw_deg": 180.07498969307824,
      "scale": 1.0,
      "bbox_xz": [
        25.81642093470614,
        28.01720463535739,
        5.156935195247848,
        6.159290575142822
      ],
      "selection_source": "faiss_softmax"
    },
    {
      "instance_id": "inst_0004",
      "asset_id": "lamp_001",
      "category": "lamp",
      "score": 0.678721010684967,
      "position_xyz": [
        -29.232587387528326,
        -0.0,
        5.368368996675332
      ],
      "yaw_deg": 176.00810146179904,
      "scale": 1.0,
      "bbox_xz": [
        -29.646025255500298,
        -28.819149519556355,
        4.95493112870336,
        5.7818068646473035
      ],
      "selection_source": "faiss_softmax"
    },
    {
      "instance_id": "inst_0005",
      "asset_id": "lamp_006",
      "category": "lamp",
      "score": 0.6210583448410034,
      "position_xyz": [
        -8.551643571887041,
        -0.0,
        -4.939782764003411
      ],
      "yaw_deg": 6.434655207033323,
      "scale": 1.0,
      "bbox_xz": [
        -8.972797638127496,
        -8.130489505646587,
        -5.360936828601701,
        -4.518628699405121
      ],
      "selection_source": "faiss_softmax"
    },
    {
      "instance_id": "inst_0006",
      "asset_id": "lamp_009",
      "category": "lamp",
      "score": 0.6782650351524353,
      "position_xyz": [
        10.689495244780385,
        -0.0,
        5.648838287967994
      ],
      "yaw_deg": 182.94374291064707,
      "scale": 1.0,
      "bbox_xz": [
        10.279488072469366,
        11.099502417091404,
        5.238831115656976,
        6.058845460279012
      ],
      "selection_source": "faiss_softmax"
    },
    {
      "instance_id": "inst_0007",
      "asset_id": "lamp_007",
      "category": "lamp",
      "score": 0.6705145835876465,
      "position_xyz": [
        28.8021036242051,
        -0.0,
        -5.315828164546216
      ],
      "yaw_deg": 1.7741915751008257,
      "scale": 1.0,
      "bbox_xz": [
        28.39600739235911,
        29.20819985605109,
        -5.721924396392204,
        -4.909731932700229
      ],
      "selection_source": "faiss_softmax"
    },
    {
      "instance_id": "inst_0008",
      "asset_id": "trash_014",
      "category": "trash",
      "score": 0.5889825820922852,
      "position_xyz": [
        -30.718523068824123,
        -0.0,
        -4.9449721729869776
      ],
      "yaw_deg": 0.7791888613694287,
      "scale": 1.0,
      "bbox_xz": [
        -31.273250345264444,
        -30.1637957923838,
        -5.499699449427298,
        -4.390244896546657
      ],
      "selection_source": "faiss_softmax"
    },
    {
      "instance_id": "inst_0009",
      "asset_id": "trash_004",
      "category": "trash",
      "score": 0.6452670097351074,
      "position_xyz": [
        -9.495540396304447,
        -0.0,
        4.7511428193144285
      ],
      "yaw_deg": 179.8972458634452,
      "scale": 1.0,
      "bbox_xz": [
        -10.046167516449637,
        -8.944913276159257,
        4.200515699169238,
        5.301769939459619
      ],
      "selection_source": "faiss_softmax"
    },
    {
      "instance_id": "inst_0010",
      "asset_id": "trash_009",
      "category": "trash",
      "score": 0.602363109588623,
      "position_xyz": [
        9.231732630661396,
        -0.0,
        5.07520436274739
      ],
      "yaw_deg": 185.92753971373847,
      "scale": 1.0,
      "bbox_xz": [
        8.647459261171061,
        9.81600600015173,
        4.490930993257056,
        5.659477732237724
      ],
      "selection_source": "faiss_softmax"
    },
    {
      "instance_id": "inst_0011",
      "asset_id": "trash_007",
      "category": "trash",
      "score": 0.6026515364646912,
      "position_xyz": [
        30.202532221862015,
        -0.0,
        -5.5113840713847795
      ],
      "yaw_deg": 7.4806440046422935,
      "scale": 1.0,
      "bbox_xz": [
        29.609944176399196,
        30.795120267324833,
        -6.103972116847599,
        -4.91879602592196
      ],
      "selection_source": "faiss_softmax"
    },
    {
      "instance_id": "inst_0012",
      "asset_id": "tree_014",
      "category": "tree",
      "score": 0.647280216217041,
      "position_xyz": [
        -32.156091285693286,
        -0.0,
        4.830445818552535
      ],
      "yaw_deg": 177.12087367476073,
      "scale": 1.0,
      "bbox_xz": [
        -33.6672998001592,
        -30.644882771227373,
        3.3192373040866205,
        6.34165433301845
      ],
      "selection_source": "faiss_softmax"
    },
    {
      "instance_id": "inst_0013",
      "asset_id": "tree_008",
      "category": "tree",
      "score": 0.7153879404067993,
      "position_xyz": [
        -14.70149852731928,
        -0.0,
        -5.640942154068896
      ],
      "yaw_deg": 0.8202759374488195,
      "scale": 1.0,
      "bbox_xz": [
        -16.169265461402777,
        -13.233731593235783,
        -7.108709088152393,
        -4.173175219985399
      ],
      "selection_source": "faiss_softmax"
    },
    {
      "instance_id": "inst_0014",
      "asset_id": "tree_003",
      "category": "tree",
      "score": 0.6675154566764832,
      "position_xyz": [
        0.1423227339852713,
        -0.0,
        5.564466863291336
      ],
      "yaw_deg": 180.64453771152517,
      "scale": 1.0,
      "bbox_xz": [
        -1.3216595100065458,
        1.6063049779770884,
        4.100484619299518,
        7.028449107283153
      ],
      "selection_source": "faiss_softmax"
    },
    {
      "instance_id": "inst_0015",
      "asset_id": "tree_002",
      "category": "tree",
      "score": 0.5977765917778015,
      "position_xyz": [
        16.30955688388415,
        -0.0,
        -5.162382935824564
      ],
      "yaw_deg": -0.8801755795917412,
      "scale": 1.0,