{
  "query": "street with frequent bollards and lamps",
  "config": {
    "query": "street with frequent bollards and lamps",
    "length_m": 80.0,
    "road_width_m": 8.0,
    "sidewalk_width_m": 2.5,
    "lane_count": 2,
    "density": 1.0,
    "seed": 1,
    "topk_per_category": 20,
    "max_trials_per_slot": 30
  },
  "summary": {
    "instance_count": 33,
    "dropped_slots": 1,
    "dropped_slot_rate": 0.029411764705882353,
    "unique_asset_count": 27,
    "diversity_ratio": 0.8181818181818182,
    "overlap_rate": 0.0,
    "retrieval_top3_category_hit": 0.7647058823529411,
    "policy_used": "learned",
    "latency_ms_total": 264.4054580014199,
    "latency_ms_per_instance": 8.012286606103633,
    "per_category_unique": {
      "bench": 3,
      "lamp": 4,
      "trash": 4,
      "tree": 5,
      "mailbox": 2,
      "hydrant": 2,
      "bollard": 7
    },
    "selection_source_counts": {
      "fallback_pool": 7,
      "policy_softmax": 20,
      "policy_relaxed_repeat": 6
    }
  },
  "placements": [
    {
      "instance_id": "inst_0001",
      "asset_id": "bench_003",
      "category": "bench",
      "score": 0.0,
      "position_xyz": [
        -26.459055042200028,
        -0.0,
        5.552265061168184
      ],
      "yaw_deg": 173.00970915020335,
      "scale": 1.0,
      "bbox_xz": [
        -27.588875474486453,
        -25.329234609913602,
        4.944963982240038,
        6.159566140096329
      ],
      "selection_source": "fallback_pool"
    },
    {
      "instance_id": "inst_0002",
      "asset_id": "bench_002",
      "category": "bench",
      "score": 0.0,
      "position_xyz": [
        -0.013694738724177036,
        -0.0,
        -5.300508935211262
      ],
      "yaw_deg": 2.4254875635642072,
      "scale": 1.0,
      "bbox_xz": [
        -1.1255844380378788,
        1.0981949605895247,
        -5.838328253328966,
        -4.7626896170935575
      ],
      "selection_source": "fallback_pool"
    },
    {
      "instance_id": "inst_0003",
      "asset_id": "bench_015",
      "category": "bench",
      "score": 0.0,
      "position_xyz": [
        25.7965310857811,
        -0.0,
        5.237856656524148
      ],
      "yaw_deg": 186.29307268092217,
      "scale": 1.0,
      "bbox_xz": [
        24.669070073390625,
        26.923992098171578,
        4.641011660299104,
        5.8347016527491915
      ],
      "selection_source": "fallback_pool"
    },
    {
      "instance_id": "inst_0004",
      "asset_id": "lamp_013",
      "category": "lamp",
      "score": 0.7423624396324158,
      "position_xyz": [
        -29.677686011144218,
        -0.0,
        5.517157629147962
      ],
      "yaw_deg": 183.1333258682951,
      "scale": 1.0,
      "bbox_xz": [
        -30.088318945238615,
        -29.26705307704982,
        5.106524696811615,
        5.92779056148431
      ],
      "selection_source": "policy_softmax"
    },
    {
      "instance_id": "inst_0005",
      "asset_id": "lamp_003",
      "category": "lamp",
      "score": 0.7377331256866455,
      "position_xyz": [
        -9.094520899010549,
        -0.0,
        -5.158846564998696
      ],
      "yaw_deg": -6.364365470239228,
      "scale": 1.0,
      "bbox_xz": [
        -9.515458486150235,
        -8.673583311870862,
        -5.5797841488490025,
        -4.73790898114839
      ],
      "selection_source": "policy_softmax"
    },
    {
      "instance_id": "inst_0006",
      "asset_id": "lamp_009",
      "category": "lamp",
      "score": 0.7374610304832458,
      "position_xyz": [
        8.566966333063972,
        -0.0,
        5.399546135525498
      ],
      "yaw_deg": 172.14727901687016,
      "scale": 1.0,
      "bbox_xz": [
        8.141516390122549,
        8.992416276005395,
        4.974096192584076,
        5.824996078466921
      ],
      "selection_source": "policy_softmax"
    },
    {
      "instance_id": "inst_0007",
      "asset_id": "lamp_007",
      "category": "lamp",
      "score": 0.7260183095932007,
      "position_xyz": [
        30.55945156253724,
        -0.0,
        -4.780959349705901
      ],
      "yaw_deg": 3.613641623144243,
      "scale": 1.0,
      "bbox_xz": [
        30.14724358148792,
        30.97165954358656,
        -5.193167330755222,
        -4.3687513686565795
      ],
      "selection_source": "policy_softmax"
    },
    {
      "instance_id": "inst_0008",
      "asset_id": "trash_009",
      "category": "trash",
      "score": 0.0,
      "position_xyz": [
        -30.834925001180896,
        -0.0,
        5.187887593650572
      ],
      "yaw_deg": 179.9329958621096,
      "scale": 1.0,
      "bbox_xz": [
        -31.385334060777335,
        -30.284515941584456,
        4.637478534054131,
        5.738296653247013
      ],
      "selection_source": "fallback_pool"
    },
    {
      "instance_id": "inst_0009",
      "asset_id": "trash_004",
      "category": "trash",
      "score": 0.0,
      "position_xyz": [
        -10.462898755873743,
        -0.0,
        -5.073151460150026
      ],
      "yaw_deg": 4.175163800669129,
      "scale": 1.0,
      "bbox_xz": [
        -11.037451953433191,
        -9.888345558314295,
        -5.647704657709474,
        -4.498598262590578
      ],
      "selection_source": "fallback_pool"
    },
    {
      "instance_id": "inst_0010",
      "asset_id": "trash_006",
      "category": "trash",
      "score": 0.0,
      "position_xyz": [
        11.279519871357598,
        -0.0,
        5.166179938894346
      ],
      "yaw_deg": 186.66031736808472,
      "scale": 1.0,
      "bbox_xz": [
        10.691287955862675,
        11.867751786852521,
        4.577948023399422,
        5.75441185438927
      ],
      "selection_source": "fallback_pool"
    },
    {
      "instance_id": "inst_0011",
      "asset_id": "trash_014",
      "category": "trash",
      "score": 0.0,
      "position_xyz": [
        28.80000081328838,
        -0.0,
        -5.120647095199351
      ],
      "yaw_deg": 3.5782241654332303,
      "scale": 1.0,
      "bbox_xz": [
        28.228839215695597,
        29.371162410881166,
        -5.6918086927921365,
        -4.549485497606565
      ],
      "selection_source": "fallback_pool"
    },
    {
      "instance_id": "inst_0012",
      "asset_id": "tree_001",
      "category": "tree",
      "score": 0.7421230673789978,
      "position_xyz": [
        -31.997600899567292,
        -0.0,
        -4.782789726390638
      ],
      "yaw_deg": 0.12347600818105775,
      "scale": 1.0,
      "bbox_xz": [
        -33.450291823410694,
        -30.54490997572389,
        -6.235480650234042,
        -3.3300988025472336
      ],
      "selection_source": "policy_softmax"
    },
    {
      "instance_id": "inst_0013",
      "asset_id": "tree_013",
      "category": "tree",
      "score": 0.7022172212600708,
      "position_xyz": [
        -16.93045081265192,
        -0.0,
        -5.465840633306052
      ],
      "yaw_deg": 7.575222478208422,
      "scale": 1.0,
      "bbox_xz": [
        -18.53432630363763,
        -15.326575321666208,
        -7.069716098678309,
        -3.8619651679337954
      ],
      "selection_source": "policy_softmax"
    },
    {
      "instance_id": "inst_0014",
      "asset_id": "tree_003",
      "category": "tree",
      "score": 0.7021268606185913,
      "position_xyz": [
        1.3227404394436735,
        -0.0,
        5.14335362306984
      ],
      "yaw_deg": 185.6526072066457,
      "scale": 1.0,
      "bbox_xz": [
        -0.24430209594354935,
        2.8897829748308963,
        3.5763110876826167,
        6.710396158457062
      ],
      "selection_source": "policy_softmax"
    },
    {
      "instance_id": "inst_0015",
      "asset_id": "tree_004",
      "category": "tree",
      "score": 0.7017756700515747,
      "position_xyz": [
        16.731191965879596,
        -0.0,
        -5.345711906147644
      ],
      "yaw_deg": 2.6358963457354783,
      "scale": 1.0,